Investor name,Website,Global HQ,Investment thesis,Investor type,Preferred Stages,Cheque Min,Cheque Max
10K Ventures,https://www.10kventures.co/,"Berlin, Germany","We invest in early stage startups and funds globally

Our (Hypo)thesis here üëâ
https://10kv.notion.site/The-10KV-Hypo-thesis-c1bf235da3ea426eb79a3a6eabc2b92c",Family office,"['Idea or Patent', 'Prototype', 'Early Revenue']",100000,200000
Accel Partners,https://www.accel.com/,"1 New Burlington Pl, Mayfair, London W1S 2HR, United Kingdom ",,VC,"['Early Revenue', 'Scaling']",,
American Family Ventures,https://www.amfamventures.com/,"821 E Washington Avenue, Madison, WI 53703",We invest in startups focused on the future of insurance from pre-seed to Series B,VC,"['Prototype', 'Early Revenue', 'Scaling', 'Growth']",500000,10000000
Amicus Capital Partners,https://www.amicuscapital.in/,"3rd floor Rocklines House, 9/1 Museum Road, Bangalore 560 001",,Other,[],,
Ankur Capital,https://www.ankurcapital.com/,India,,VC,['Early Revenue'],500000,
Anthill Ventures,https://anthillventures.com/,"18 Cross Street #02-101 Office S2077, Singapore 048423","We invest in companies that are at an early stage and we help in scaling start-ups using the unique network of channel partners we have. We invest in companies in the Health, Urban Consumer and Urban Tech start-up who have a pre revenue stage.",VC,"['Early Revenue', 'Scaling', 'Growth']",500000,10000000
Antler,https://www.antler.co/,"79 Anson Rd, #20-1, Central Business District, Singapore 07, SG",We invest in pre-revenue startups.,VC,"['Prototype', 'Idea or Patent']",100000,100000
Arali Ventures,https://araliventures.in/,"3rd floor, excubator Building, 19th Main, HSR, Bangalore ",We invest in Indian origin/ indian founder startups at prototype stage solving enterprise problems using new-age tech,VC,"['Idea or Patent', 'Prototype', 'Early Revenue']",500000,1000000
Asha Impact,http://ashaimpact.com/,India,,VC,['Early Revenue'],,
Axilor Ventures,http://axilor.com/,"No. 739, 15th Cross, 6th Phase JP Nagar, Sarakki, Bangalore, Karnataka 560078, India","We invest in early-stage startups in India. We focus on Enterprise and Consumer software, Deep tech, Fintech and Healthtech",VC,"['Prototype', 'Early Revenue']",200000,500000
Bessemer Venture Partners,https://www.bvp.com/,"Redwood City, California, United States",,VC,"['Early Revenue', 'Scaling']",,
BGV Benhamou Global Ventures,https://benhamouglobalventures.com/,"540 Cowper Street, Palo Alto, CA 94301, United States","We invest in Enterprise 4.0, a next generation of Enterprise Software, which are combining 3 main elements: AI, intelligent automation and unique data set. We are 100% focused on cross-border investments, investing in companies that are conceived outside the US and helping them position themselves in the US. Main focus: Future of Work, Vertical AI platforms (focusing on 1 industry such as retail, manufacturing, logistics, insurtech or focusing on 1 function such as Customer Sucess, Sales, etc), e-commerce, DevOps, Cybersecurity",VC,['Early Revenue'],250000,5000000
Bharat Innovation Fund,https://bharat.fund/,India,,VC,['Early Revenue'],,
Bluesky Equities,http://www.blueskyequities.com/,"150 9 Ave SW, Calgary, Alberta T2P 3H9, CA",We invest in global B2B technology companies with >$0 ARR.,Family office,"['Early Revenue', 'Scaling', 'Growth', 'Pre-IPO']",50000,250000
Breyer Capital,https://breyercapital.com/,USA,,VC,"['Prototype', 'Early Revenue']",,
Catamaran Ventures,https://catamaran.in/,,,Other,[],,
CE Ventures,https://www.crescententerprises.com/ce-ventures/,"Crescent House, P.O Box 2222, Corniche Al Buhaira, Sharjah, AE","We invest in consumer tech (MENA, SE Asia and India), Enterprise tech (US) and deep tech (global).

We typically invest in Series B onwards. ",Corporate VC,"['Growth', 'Scaling', 'Pre-IPO']",2000000,7000000
Chiratae Ventures (ex-IDG Ventures India),http://chiratae.com/,"Bangalore, Karnataka, India",,Corporate VC,['Early Revenue'],,
Cisco Investments,https://www.ciscoinvestments.com/,"San Francisco, California, United States",,Corporate VC,['Early Revenue'],,
Cloud Capital,https://www.cloudcap.in/,"Delhi, India",We invest in tech-first Indian startups building global products.,VC,"['Early Revenue', 'Idea or Patent', 'Prototype', 'Scaling']",100000,250000
Convivialit√© Ventures,https://www.convivialite-ventures.com/,"580 Howard, CA 94105, San Francisco, USA","We invest in technology companies that are changing the way people socialize, entertain, and share experiences together.

Backed by Pernod Ricard, we support entrepreneurs from series A to C who reinvent the future of convivialit√©.",Corporate VC,"['Early Revenue', 'Growth', 'Scaling']",250000,10000000
Convrtx,https://www.convrtx.com/,"Toronto, Ontario M4B 1B3, CA","An award-winning venture studio that scales software startups to dominate markets, created by founders, for founders.","Incubator, Accelerator","['Idea or Patent', 'Prototype']",20000,200000
Courtside Ventures,http://courtsidevc.com/,"148 W. 24th Street, New York, New York 10010, US","We invest in early-stage companies across sports, collectibles, media, fitness, wellness and gaming. ",VC,"['Prototype', 'Early Revenue', 'Idea or Patent']",500000,3000000
CP Ventures,https://cp.ventures/,"37 Bligh Street, Sydney NSW, Suite 2, Sydney, New South Wales 2000, AU","We invest globally in early stage, highly scalable, breakthrough technology companies",VC,"['Early Revenue', 'Idea or Patent', 'Prototype']",100000,500000
Calm Company Fund,https://calmfund.com/,"382 NE 191st St #52077, Miami, FL 33179, USA","We invest in ""calm companies,"" founders who care about building their company their way, not for VCs. We don't care if you raise another round of funding or if you want to exit for $5M. Success looks different to all founders and we'll work together to help you reach your goals. ",VC,['Early Revenue'],25000,250000
Eight Roads,https://eightroads.com/en/,UK,,VC,['Early Revenue'],,
Emerald Media by KKR,http://emeraldmedia.asia/,"Mumbai, Maharashtra, India",,Corporate VC,[],,
Factor[e] Ventures,https://www.factore.com/,"430 N. College Ave, Fort Collins, Colorado 80524, US","We invest in early-stage technology companies creating impact in emerging markets. We focus on 4 verticals: energy, mobility, waste, agriculture. ",VC,['Early Revenue'],250000,750000
First Check Ventures,https://www.firstcheckventures.com/,Mexico,We invest in early stage startups across the globe,VC,"['Early Revenue', 'Scaling', 'Growth', 'Pre-IPO', 'Prototype', 'Idea or Patent']",100000,1000000
Flash Ventures,https://www.fl4sh.vc,"Charlottenstra√üe 4, 10969 Berlin, Germany","We invest in talented founders at pre-seed stage, empowering them to build game-changing businesses.",VC,"['Idea or Patent', 'Prototype', 'Early Revenue']",500000,1000000
FounderPartners,https://www.founderpartners.co/,"3 E 3rd Ave, San Mateo, California 94401, US","We invest in global technical founders. We target capital-efficient businesses in software, digital media, APIs, and blockchain. Our center of gravity is in Silicon Valley but our team is global and we partner with companies from all over the world.",Startup studio,"['Early Revenue', 'Growth', 'Scaling']",50000,1000000
GoAhead Ventures,https://www.goaheadvc.com/,"535 Middlefield Ste 280 Road Menlo Park, CA 94025","We invest in all sectors and all geographies.

We are a highly active pre-seed and seed stage venture capital fund based out of Silicon Valley. We invest in ALL technology sectors and ALL geographies, and we have invested in over 100 companies all over the world.  As a startup ourselves, we created a very open and fast video pitch process to serve all the entrepreneurs in the world.

Step 1: Please submit your video pitch here (takes ~5min) which is reviewed by all 3 of our managing partners within 3 days of submission.  

Step 2: Full GoAhead Partnership Zoom pitch, ideally with your full co-founding team.  >>>  (Step 3 happens on the following day at 5PM PST)

Step 3: GoAhead makes an offer using a standard SAFE document or a polite pass. This decision comes the day after your zoom pitch!

We look forward to reviewing your submission!",VC,"['Prototype', 'Idea or Patent', 'Early Revenue']",100000,1500000
GPO Fund,https://www.gpofund.com/,"420 Lexington Avenue, Suite 1402, New York, NY 10170 ","We invest in tech-driven, founder-led, global companies that can harness global public capital markets to achieve growth, business expansion, and market leadership.",VC,"['Scaling', 'Growth', 'Pre-IPO']",5000000,10000000
GrowX Ventures,http://growxventures.com/,India,,VC,['Prototype'],,
GSV Ventures,https://gsv.ventures/,"171 2nd St, San Francisco, California US",We invest in education technology companies only.,VC,"['Early Revenue', 'Scaling', 'Growth']",250000,15000000
Hummingbird Ventures,https://www.hummingbird.vc/,"London, United Kingdom",We invest in entrepreneurial genius globally at early-stage.,VC,"['Idea or Patent', 'Prototype', 'Early Revenue', 'Scaling']",500000,10000000
IAN Fund,https://www.ian-fund.com/,"Delhi, India",We invest in post-revenue Indian startups. Software & SaaS focus across all industries. ,VC,"['Early Revenue', 'Scaling', 'Growth']",1000000,6000000
IDG Ventures,http://www.idgventures.com/,"Bangalore, Karnataka, India",,Corporate VC,[],,
Indian Angel Network,https://www.indianangelnetwork.com/,"Delhi, India",We invest in early and growth-stage startups. We're sector agnostic and have invested in over 160 companies across 17 different sectors and 7 countries.,Angel network,"['Idea or Patent', 'Prototype', 'Early Revenue', 'Scaling', 'Growth']",30000,1000000
Inventus Capital Partners,https://inventuscap.com/,,,Other,[],,
Investec Emerging Companies,https://www.investec.com/en_au/emerging-companies.html,Australia,,VC,[],2000000,
Kalaari Capital,https://www.kalaari.com/,"Navigator Building, ITPL, Whitefield, Bangalore 560066, Karnataka, India",We invest in tech startups building for the Indian market or building in India for the global markets. Kalaari is a sector agnostic fund with a focus on early-stage companies.,VC,"['Idea or Patent', 'Prototype', 'Early Revenue', 'Scaling']",300000,5000000
Khoob,http://khoob.group/,"3rd Floor Kushal House 39 Nehru Place, New Delhi, 110019, India¬†",We invest in interesting early stage Indian companies. ,VC,"['Idea or Patent', 'Prototype']",25000,250000
Lets Venture,https://letsventure.com/,India,,VC,[],,
M12 - Microsoft Venture Fund,https://m12.vc/,"San Francisco, California, United States",We invest in early-stage software companies disrupting the enterprise.,Corporate VC,"['Early Revenue', 'Scaling', 'Growth']",1000000,20000000
Mahindra Partners,http://www.mahindrapartners.com,"Mumbai, Maharashtra, India",,Corporate VC,[],,
Masawa,https://masawa.fund/,"Rheinsberger Strasse 76/77, 10115 Berlin, Germany",We invest in founders revolutionizing the mental wellness landscape.,VC,"['Prototype', 'Early Revenue']",50000,2000000
MassMutual Ventures,https://www.massmutualventures.com/,"470 Atlantic Avenue, Boston, MA 02110, US","We invest in enterprise software, cybersecurity, financial technology, and digital health companies.",VC,"['Early Revenue', 'Scaling', 'Growth']",500000,10000000
Matrix Partners,https://www.matrixpartners.com/,"San Francisco, California, United States",,Other,[],,
Mayfield Fund,https://www.mayfield.com/,"2484 Sand Hill Rd, Menlo Park, California US","We invest in:
- enterprise. SaaS, infra, dev ops, semi, networking, security
- consumer: eCommerce (subscription), marketplaces, health and wellness, financial services, networks & communities, productivity, device-as-a-service
- engineering bio: synthetic bio, therapeutics, med devices, sustainable materials and foods
- products and services that are not only good potential businesses, but are also good for people, society and planet.",VC,"['Early Revenue', 'Scaling', 'Prototype']",2000000,10000000
Mirae Asset Venture Investments,https://www.am.miraeasset.com/,,,Other,[],,
NVP Norwest Venture Partners,https://www.nvp.com/venture/,"525 University Avenue, Suite 800, Palo Alto, CA 94301, US","We invest in all verticals with a focus on healthcare, consumer, enterprise software.",VC,"['Idea or Patent', 'Prototype', 'Early Revenue', 'Scaling', 'Growth', 'Pre-IPO']",500000,10000000
Omnivore Partners,http://www.omnivore.vc/,India,,VC,['Early Revenue'],,
Orange Corp,http://www.orangecorp.co,"Mumbai, Maharashtra, India",,Corporate VC,[],,
Pi Ventures,http://www.piventures.in/,India,,VC,['Early Revenue'],,
Plug & Play Ventures,https://www.plugandplaytechcenter.com/ventures/,"440 N. Wolfe Rd, Sunnyvale, CA 94085, US","We invest in early stage tech companies across industries. We are based in Silicon Valley but invest in companies around the world.

We invest at early-stage across most industries: Fintech, Insurtech, Internet of Things, Brand & Retail, Mobility, New Materials & Packaging, Sustainability, Food & Beverage, Travel & Hospitality, Health & Wellness, and Supply Chain & Logistics.",VC,"['Idea or Patent', 'Prototype', 'Early Revenue', 'Scaling']",50000,400000
Reliance Venture Asset Management,http://www.relianceventure.com/,"Mumbai, Maharashtra, India",,Corporate VC,[],,
Romulus Capital,https://romuluscap.com/,"101 Arch Street, Boston, MA 02110, US","We invest in Seed - Series B rounds, mainly as lead investors, for B2B companies within two categories:

Companies selling technology to solve real problems in large traditional industries (e.g., agriculture, construction, energy, retail, real estate).

Deep technology companies that have spun out of top-tier research groups (e.g., MIT, Harvard, Cambridge, Stanford, SRI, Draper).",VC,"['Early Revenue', 'Scaling']",100000,10000000
Saama Capital Advisors,https://www.saamacapital.vc/,,,Other,[],,
Saif Partners,http://www.saifpartners.com/,,,Other,[],,
Salesforce Ventures,https://www.salesforce.com/ventures/,"1 Market, San Francisco, CA 94105, US",We invest in the leading enterprise cloud software (B2B) companies from Series A to IPO globally.,Corporate VC,"['Early Revenue', 'Scaling', 'Growth', 'Pre-IPO']",1000000,100000000
Samrat Investments,https://www.samratfinancialbanking.com/funding,"Manali, Himachal Pradesh, India",,Corporate VC,[],,
Samyakth Capital,http://samyakthcapital.com/,"1106, Marathon Icon, Lower Parel West, Mumbai, Maharashtra - 400013, India",We invest in all areas (Sector agnostic),VC,"['Early Revenue', 'Prototype']",25000,200000
Sangam Ventures,https://www.sangam.vc/,India,,VC,['Early Revenue'],,
Satgana,https://satgana.com/,"Luxembourg City, LU",We invest in mission-driven entrepreneurs that build technology solutions to the climate & ecological crisis.,VC,"['Idea or Patent', 'Prototype', 'Early Revenue']",25000,500000
Sea Fund,https://www.seafund.in/,"Ebony 1203A, Godrej Woodsman Estate, Hebbal, Bangalore-560024, India","We invest in early-stage companies, preferably with some semblance of a product-market fit at the intersection of network effects, technology, and innovative business models by leveraging platforms, protocols, and the power of modularity. 

Our mission is, to help the next set of technical founders, with small amounts of early capital in getting to market to build efficient and scalable businesses. We value an India for India play, which can then subsequently be scaled to, first, similar markets and subsequently globally. ",VC,"['Prototype', 'Early Revenue', 'Idea or Patent']",50000,200000
Sente Foundry,https://www.sente.vc/,"222 W. Merchandise Mart Plaza, Suite 570, Chicago, IL 6054 U.S.A.","We invest in urban mobility/logistics, human essentials, and industrial circular economy in collaboration with corporations and family offices that are looking for opportunities in the global ecosystems. We are looking for startups at MVP stage (not earlier) and at zero or minimal revenue.",Corporate VC,"['Early Revenue', 'Scaling', 'Growth']",75000,100000
Sequoia Capital,https://www.sequoiacap.com/,"Menlo Park, California, United States",,VC,"['Early Revenue', 'Scaling']",,
SGH Capital,https://www.sghcapital.com/,Luxembourg,,VC,['Early Revenue'],,
Spacecadet Ventures,https://spacecadet.ventures/,USA,We invest in forward-thinking founders who build companies at the intersection of emerging cultural & technology trends.,VC,"['Idea or Patent', 'Prototype', 'Early Revenue', 'Scaling']",100000,500000
Speciale Invest,https://www.specialeinvest.com/,"3rd Floor, Sobha Pearl 1, Commissariat Road, Ashok Nagar, Bengaluru, Karnataka 560025, Bangalore, Karnataka 560025, IN","We invest in Deep tech, B2B Software, and Industrial hardware-based startups at the pre-seed and seed stage. ",VC,"['Idea or Patent', 'Prototype', 'Early Revenue']",100000,500000
Susa Ventures,https://susaventures.com/,"660 York St Suite 201, San Francisco, CA 94110, United States","We invest in companies building compounding moats, such as network effects, proprietary data, or economies of scale. Compounding moats enable businesses to become more defensible with scale. ",VC,"['Early Revenue', 'Prototype', 'Idea or Patent']",1000000,2000000
TCG The Chernin Group,https://tcg.co/,"12180 Millennium Drive, Suite 500, Playa Vista, CA 90094",TCG is a multi-stage investment firm dedicated to building consumer business. We invest on majority and minority investments across the consumer landscape. ,Other,"['Early Revenue', 'Scaling', 'Growth', 'Pre-IPO']",10000000,100000000
Tomorrow Capital,http://www.tomorrowcapital.in,"Mumbai, Maharashtra, India",,Corporate VC,[],,
United Investors,https://unitedinvestors.ru/,"Russia, Moscow",We invest in revenue-first startups,Angel network,"['Prototype', 'Early Revenue', 'Scaling']",50000,2000000
Unitus Ventures,https://unitus.vc/,"Axilor Transit, 3rd Floor, Sobha Pearl, Commissariart Road, Sivanchetti Gardens, Bangalore, Karnataka 560025, IN","We invest in early-stage fintech, healthcare, and jobtech startups with India scale and global emerging market potential.",VC,"['Early Revenue', 'Scaling']",500000,1000000
Unpopular Ventures,https://unpopular.vc/,"90 Gold St, San Francisco, CA 94133, United States",We invest in the category leaders of tomorrow whose potential is being underestimated today.,VC,"['Idea or Patent', 'Prototype', 'Early Revenue', 'Scaling', 'Growth', 'Pre-IPO']",100000,500000
UTEC - The University of Tokyo Edge Capital,https://www.ut-ec.co.jp/english/,"The University of Tokyo, Japan","UTEC - The University of Tokyo Edge Capital Partners, is a Japan-based seed/early stage deep-tech venture capital firm associated with academic institutes such as The University of Tokyo. UTEC has over $500M Assets Under Management, and has invested in 100+ companies in Japan, USA, Singapore, India and Europe with a track record of 13 IPOs and12 successful M&A (as of Mar 2021). UTEC predominantly invests in three deep-tech sectors: a) Healthcare & Life Sciences, b) IT/AI, and c) Physical Sciences & Engineering.",VC,"['Prototype', 'Early Revenue', 'Scaling', 'Idea or Patent']",1000000,4000000
Venture Highway,https://www.venturehighway.vc/,"2 Nambardar Estates, Gurudwara Rd, Navjivan Buddh Vihar, Taimoor Nagar, New Friends Colony, New Delhi","We invest in pre-product/early revenue Indian teams using technology in commerce, education, finance, human capital, marketing, and social",VC,"['Prototype', 'Early Revenue', 'Idea or Patent']",200000,2500000
Ventureast,http://www.ventureast.net/,India,,VC,['Early Revenue'],,
VU Venture Partners,https://www.vuventurepartners.com/,"500 Washington St, 340, San Francisco, California 94111, US","We invest in  7 vertical teams, including Consumer & Enterprise (two generalist teams) and five more vertical focused teams each with their industry expertise: FinTech (Financial Services, Crypto, & NFTs), Frontier (AI, Robotics, Advanced Materials, & SpaceTech), Healthcare (HealthTech, Medical Devices",VC,"['Early Revenue', 'Scaling', 'Growth']",100000,1000000
Wadhawan Global Capital,http://www.wgcworld.com/,"Mumbai, Maharashtra, India",,Corporate VC,[],,
YourNest VC,https://www.yournest.in/,India,,VC,[],,
Banana Capital,https://www.bananacapital.vc/,"Ann Arbor, MI, USA",We invest in consumer and bottoms-up enterprise products,VC,"['Prototype', 'Idea or Patent', 'Early Revenue', 'Scaling', 'Growth', 'Pre-IPO']",25000,300000
Stadia Ventures,http://www.stadiaventures.com/,"383 Marshall Avenue, St. Louis, MO 63122, United States","We invest in early-stage startups in sports and esports that have defined product market fit, generally with ARR between $250k-$1MM. ",VC,"['Early Revenue', 'Scaling']",50000,250000
GPI Global Partners Investments,https://www.gpiuk.com/,"E16 2DQ, London, UK","We invest in startups and established businesses in a sector-agnostic mandate and bring it under our strict due diligence to our pool of sovereigns, institutional, funds, and individual investors. Ticket size varies according to the stage of the startup or the opportunity and we structure equity investment deals.",Other,"['Idea or Patent', 'Early Revenue', 'Scaling', 'Growth', 'Pre-IPO', 'Prototype']",5000,30000000
Unrest,https://www.unrest.world,"154 Clerkenwell Rd, London EC1R 5AB","Unrest is an accelerator programme for the world's most ambitious impact-focused consumer businesses. We run a 4 month programme, based in London, for companies at early stages, from pre-seed to early Series A. ","Incubator, Accelerator","['Idea or Patent', 'Prototype', 'Early Revenue']",,0
Outlier Ventures,http://www.outlierventures.io/,"82 Clerkenwell Road, London, England EC1M 5RJ, GB",We invest in Global Web 3 and blockchain startups building the Metaverse = DeFi + NFT + New Data at stages ranging from single founder+prototype in the works to more developed teams looking to decentralise centralised propositions and everything in-between. We are looking at everything from ledgers to storage to middleware to protocols to dev tools to apps.,"Incubator, Accelerator","['Prototype', 'Early Revenue']",50000,100000
Accion Venture Lab,https://www.accion.org/how-we-work/invest/accion-venture-lab,"1101 15th St., NW, Suite 400, Washington, D.C., 20005, US","We invest in innovative, scalable fintech startups that improve the reach, quality, and affordability of financial services for the underserved.",VC,"['Early Revenue', 'Scaling']",250000,500000
Saison Capital,https://saisoncapital.com/,"Singapore, Singapore 018960, SG",We invest in Fintech and Consumer,Corporate VC,"['Idea or Patent', 'Prototype', 'Early Revenue', 'Scaling']",100000,3000000
Remote First Capital,https://www.remotefirstcapital.com/,"San Francisco, USA","We invest in the next generation of remote work, global work infrastructure, and second-degree effects of it.

Also engineering and no-code tooling",VC,"['Prototype', 'Early Revenue', 'Idea or Patent', 'Scaling']",50000,200000
100X.VC,https://www.100x.vc,"91 springboard, Godrej & Boyce, Gate No.2, LBS Marg, Vikhroli West, Mumbai, Maharashtra 400079",We invest in all sectors focused on writing the first cheque in Indian pre-seed / seed-stage startups. ,VC,"['Idea or Patent', 'Prototype', 'Early Revenue']",35000,35000
Startup-O,https://www.startup-o.com/,"01-05, SULTAN LINK, 57, MOHAMED SULTAN ROAD,, SINGAPORE, Singapore 238997, SG","We invest in product-ready, early revenues tech-ventures, especially in B2B space. We are tech vertical agnostic but stage loyal. We invest in companies from any geography and are known as founder-friendly strategic investors given our networks and scaling expertise around the world and especially in Asia. ",VC,"['Early Revenue', 'Scaling']",150000,500000
iBos Ventures,https://www.ibosventures.com/,"12130 Millennium Drive, Los Angeles, CA 90094",We invest in tech-enabled businesses to positively impact society.,VC,"['Idea or Patent', 'Prototype', 'Scaling', 'Early Revenue', 'Growth', 'Pre-IPO']",10000,500000
Deutsche Telekom Hubraum Fund,http://www.hubraum.com/investment,"Winterfeldtstr. 21, 10781 Berlin, Germany","We invest in potential future strategic partners for the telco industry, especially in the areas of future connectivity and connected life & work such as 5G, IoT and AI.",Corporate VC,"['Prototype', 'Early Revenue']",50000,350000
Village Global,https://www.villageglobal.vc/,"San Francisco, CA","We invest in all geographies and all industries. We are location and sector agnostic, investing at accelerator stage via our Village Global Accelerator and in pre-seed and seed rounds.",VC,"['Idea or Patent', 'Prototype', 'Early Revenue']",100000,500000
Houghton Street Ventures,https://houghtonstreet.com,"LSE Library, 10 Portugal St, Holborn, London WC2A 2HD, United Kingdom","We invest in students and alumni of the London School of Economics, globally, at Seed and Series A.",VC,"['Idea or Patent', 'Prototype', 'Early Revenue', 'Scaling']",500000,2500000
Seraphim Space,https://seraphim.vc/,"1 Fleet Place, London, England EC4M 7RD, GB","We invest in companies enabling the space and drone ecosystem, including Space, DeepTech, IoT, AgTech, AI, Analytics, ClimateTech/CleanTech, DeepTech, Hardware, Insurance, IoT, Smart, Cities/UrbanTech, from Series A to growth stage companies.",VC,"['Early Revenue', 'Scaling', 'Growth']",250000,25000000
Wavemaker Partners,https://wavemaker.vc/,"1 Nanson Road, 1880 Members Club, 3rd Floor, Singapore, Singapore 238909, SG",We invest in enterprise and deep technology companies. It has invested in more than 150 companies in the region with 80% in enterprise and over 20% in deep tech.,VC,"['Early Revenue', 'Prototype']",100000,3000000
EMVC Emphasis Ventures,https://www.em.vc/,"Mumbai, Maharashtra 100011, IN","We invest in breakthrough India-based or India-inspired fintech and insurtech startups (consumer, B2B, SaaS) with local scale and international potential.",VC,"['Idea or Patent', 'Prototype', 'Early Revenue', 'Scaling']",100000,1000000
Magnivia Ventures,http://magnivia.net/,"55 Riverwalk Pl, West New York, New Jersey 07093, US",We invest in cross-border enterprise startups with strong IP doing  $250K+ ARR,VC,"['Early Revenue', 'Scaling', 'Growth']",250000,750000
Java Capital,https://www.javacapital.co/,"Bengaluru, Karnataka 560037, IN",,VC,"['Early Revenue', 'Prototype']",,
GetVantage,https://getvantage.co/,"27th Floor, Sunshine Towers,  Senapati Bagat Marg, Parel,  Mumbai - 400013","We finance SMEs and digital businesses across sectors including SaaS and subscription based, D2C, eCommerce, Cleantech, EV and infrastructure, Edtech, Healthech, HRIS and Payroll/EWA, cloud-kitchen, QSR, etc with at least $8,000 MRR / $100,000 ARR and 12 months of vintage.",Revenue-based,"['Scaling', 'Growth', 'Pre-IPO', 'Early Revenue']",3000,3000000
Better Tomorrow Ventures,http://btv.vc/,"San Francisco, CA, USA",We invest in seed-stage Fintech ,VC,"['Idea or Patent', 'Prototype', 'Early Revenue']",250000,2000000
Foundamental,https://foundamental.com/,"Budapester str 5, 10787, Berlin","We invest in construction-tech, supply chain, logistics, renovation-tech companies globally.",VC,"['Prototype', 'Early Revenue', 'Scaling']",200000,3000000
Agya Ventures,https://agyaventures.com/,"430 Park Avenue, New York, NY 10022, United States of America","We invest in seed, seed extension and Series A staged real estate tech and construction tech companies.",VC,"['Prototype', 'Early Revenue', 'Scaling']",250000,1000000
ZILHive Ventures,https://zilhive.org/ventures/,"12 Marina View, Asia Square Tower, Singapore 01891 ",We invest in Global Blockchain startups with prototypes building on the Zilliqa Blockchain.  ,VC,"['Prototype', 'Early Revenue']",50000,500000
ReGen Ventures,https://regen.vc/,"Byron Bay, NSW, Australia",We invest in regenerative technology companies created by wildly ambitious teams who want to radically transform our world for the better.,VC,"['Idea or Patent', 'Prototype', 'Early Revenue']",250000,2500000
Super Capital VC,https://www.supercapital.vc/,Paris,We invest in tech.,VC,"['Prototype', 'Early Revenue', 'Scaling']",50000,300000
Verso X,https://www.versoholdings.com/versox,British Virgin Islands,"We invest in early-stage game-changing technology companies in angel rounds, series seed and pre-series A. 

VERSO X has a proprietary model for investing:
- $50,000 for 5.00% post-money
- 5x warrants or $250,000
- lead investor in next equity or debt round

VERSO X main selection criteria are:
- visionary yet execution-focused founders
- clear unit economics and business model
- proprietary tech and IP 

VERSO X is ultimately: 
- supportive of founders and their personal success
- focused on increasing support along the way
- engaged to deliver business advisory",VC,"['Idea or Patent', 'Prototype', 'Early Revenue', 'Scaling', 'Growth', 'Pre-IPO']",50000,250000
Element Finance,https://www.elementfinance.com/openvc,"San Antonio, Texas 78205, US","We finance and can lend up to $10M to recurring-revenue-based companies with a good plan, a track record for growth, low customer concentration and churn, and a clean balance sheet.",Revenue-based,"['Scaling', 'Growth', 'Pre-IPO']",200000,10000000
Colle Capital Partners,https://colle.vc,"55 Hudson Yards, New York, NY 10001, United States","We invest in Logistics, Healthcare and FinTech, but remain opportunistic in our approach. 

Colle Capital Partners is a global, opportunistic, early stage technology venture fund. Managers have completed deals in various verticals and across all capital structures. While we tend to gravitate towards Logistics, Healthcare and FinTech, we remain opportunistic in our approach. We pay special attention to data. Virtually all our deals have an intrinsic relationship with data as we believe the ability to isolate, utilize and act upon the best possible information is the foundation of success.

We prefer to step in early in the lifecycle of a company and help teams achieve their goals by assisting with all critical tasks that young startups require. We invest in people. Our mission is to identify and back teams that not only demonstrate intellect and passion but are also agile in their thinking and execution. We seek organizations that operate with a clear focus on sustainability in every dimension: business practices, unit economics and environmental impact.",VC,"['Idea or Patent', 'Prototype', 'Early Revenue', 'Scaling']",500000,2000000
No Such Ventures,https://www.nosuchventures.com,"Mr. Treublaan 3, 1097 DP Amsterdam, Netherlands","We invest in global companies that value our model of combining many high-profile entrepreneurs within one line in the cap table, managed by us.

We disrupt the venture capital landscape, offering flexible deal structures and hassle-free equity investments on a per-deal basis.

Backed by an engaged and ever-growing network of high-profile investors, entrepreneurs and industry experts, No Such Ventures invests ‚Ç¨2m to ‚Ç¨8m in ambitious growth companies, globally and across sectors.",VC,"['Early Revenue', 'Scaling', 'Growth']",2500000,10000000
Gamerforce Ventures,https://www.gamerforce.vc,Singapore,"We invest in esports, gaming with a primary focus on platforms and software that can scale across leagues, games and teams. Most of our investments tend to have a B2B focus.",VC,"['Early Revenue', 'Scaling']",50000,250000
TRGC,https://trgc.io/,"Blackburn Highway, PO BOX 116, Road Town TorTola, British Virgin Islands",We invest in Blockchain-based startups on a global scale solving critical friction points in the DLT industry.,VC,"['Idea or Patent', 'Prototype', 'Early Revenue']",100000,1000000
Pesu Venture Labs,https://pesuventurelabs.com/#/,"12th Floor CIE Office, B Block PES University, Outer Ring Road, Bengaluru, Karnataka 560085, IN",We invest in B2B SAAS based companies with deeptech as a differentiator with special focus on Student lead startups,Startup studio,['Idea or Patent'],100000,200000
Systema VC,https://systema.vc,London,"We invest in Fintech, Legaltech and HRtech wordlwide",VC,"['Idea or Patent', 'Prototype', 'Early Revenue']",50000,500000
TA Ventures,https://taventures.vc/,"Creative States Arsenal Kyiv, UA","We invest in startups in Europe and North America at (Pre-)Seed and Series A, alongside high-profile co-investors, across a wide range of tech sectors. We prefer sectors such as Enterprise Software, Consumer, Mobility and Digital Health.",VC,"['Idea or Patent', 'Prototype', 'Early Revenue', 'Scaling', 'Growth']",100000,500000
SuperCharger Ventures,https://www.superchargerventures.com/,"London, UK","We invest in EdTech companies globally, in all verticals. Our 12-week accelerator program helps Seed / Series A companies scale and expand globally.","Incubator, Accelerator","['Idea or Patent', 'Prototype', 'Early Revenue', 'Scaling']",50000,150000
Dexter Angels,https://www.dexterangels.com,"Mumbai, Maharashtra 400070, IN",We invest in early-stage Indian startups.,Angel network,"['Idea or Patent', 'Prototype', 'Early Revenue', 'Scaling']",50000,100000
Innopact,https://www.innopact.vc/,Singapore,"We invest in audacious entrepreneurs driving high-impact technology innovation across emerging markets. 

The biggest venture returns in the next decade will come from relentless innovation in business models - to successfully target underserved customers at scale.

Innopact is an angel syndicate dedicated to capturing the 'emergent consumer' technology opportunity across emerging markets. We are
- technology-centric
- sector-agnostic
- entrepreneur-focused
- partners - not just investors
As early-stage investors, our approach is simple = find and win early-stage deals where there's a Large space x Great team x Right timing x 100x impact potential",VC,"['Idea or Patent', 'Prototype', 'Early Revenue', 'Scaling']",50000,300000
Rally Cap Ventures,https://rallycapventures.com/,"San Francisco, CA","We invest in fintech infrastructure, mostly B2B APIs",VC,"['Idea or Patent', 'Prototype', 'Early Revenue', 'Scaling']",100000,300000
Wavelaunch VC,https://wavelaunch.org/,"Office 211, Sector 27, Gurugram, Haryana, India PIN - 122009","We invest in founders and entrepreneurs who are just getting started; whether it‚Äôs pre-seed, seed, or Series A. We prefer to invest in finance, education, healthcare, space innovation, and consumer-centric startups.",VC,"['Idea or Patent', 'Prototype', 'Early Revenue', 'Scaling']",25000,500000
Forster Chase Ventures,https://www.forsterchase.com/ventures-1,"Hamilton House,  1 Temple Avenue,  Blackfriars, EC4Y 0HA","We invest in businesses with three things: the right strategy, capital and talent. As such we have put together an all-encompassing one-stop shop where businesses can be nurtured and fostered towards full maturity.

The type of businesses we would be keen to work with are similar to ours ‚Äì agile, entrepreneurial and with a management team that is open to strategic advice from experienced industry C level executives and non-executives.
We also tend to work with capital intensive businesses within the Financial Services and Tech industries, particularly Insuretech, Fintech, Medtech and SAAS.

Unlike other business incubators or venture partners, we have a panel of extremely successful entrepreneurs and CEOs with a plethora of experience. When you work with us, you will be assigned one of the panel members to work with and they will both advise you on any specific processes such as fundraising, management buy-in and also become a board member.","Incubator, Accelerator","['Early Revenue', 'Scaling', 'Growth', 'Pre-IPO']",100000,4000000
Secure Octane Investments,https://www.secureoctane.com/,"San Francisco, CA, USA","We invest in cybersecurity, data / ML and cloud infrastructure.",VC,"['Prototype', 'Early Revenue', 'Scaling']",200000,500000
Henkel Ventures,https://www.henkel-ventures.com/,"D√ºsseldorf, Nordrhein-Westfalen, Germany","We invest in New Engineered Materials, Smart Surfaces, Automated Manufacturing Equipment, Circular Economy, Advanced Packaging, Predictive Maintenance, Circular Economy, Data-driven Business Models, Design and Engineering Service, 3D Printing, Printed Electronics",Corporate VC,"['Prototype', 'Early Revenue', 'Scaling', 'Growth']",1000000,5000000
Horseshoe Capital,https://horseshoe.vc,"Los Angeles, CA",We invest in early-stage web3-focused startups.,VC,"['Idea or Patent', 'Prototype', 'Early Revenue', 'Scaling']",50000,250000
500 Global,https://500.co/,"814 Mission Street, San Francisco, CA 94103","We invest in companies in markets where technology, innovation, and capital can unlock long-term value and drive economic growth.",VC,"['Idea or Patent', 'Prototype', 'Early Revenue', 'Scaling', 'Growth']",150000,2500000
iSeed,https://www.iseed.vc,"New Delhi, India",We invest in mission-driven Indian founders and bringing Silicon Valley's top operator minds closer to them.,VC,"['Idea or Patent', 'Prototype', 'Early Revenue']",100000,500000
Doha Tech Angels,http://www.dta.qa/,"D Ring Road, Building No 131, Doha, PO BOX 2116, QA",We invest in seed stage technology startups in MENA and South Asia.,Angel network,"['Early Revenue', 'Scaling']",50000,250000
Best Nights VC,https://bestnights.vc/,"M-Venture GmbH, J√§germeisterstr. 7-15, 38296 Wolfenb√ºttel","We invest in the most ambitious entrepreneurs with the mission to shape the nightlife of the future. With our Investments we empower people to have THE BEST NIGHTS OF THEIR LIFE and are re-defining the cultural lives of our young urban target group

We invest INTERNATIONAL from SEED TO SERIES A with a TICKET SIZE of EUR 250K ‚Äì 1.5M. We invest in Consumer-Tech and focus on Digital Interactive Experiences, GenZ driven Consumer Brands, Social Gaming, Social + Communities, Revival of Offline Experiences and Mindful Celebrations. ",Corporate VC,"['Early Revenue', 'Prototype', 'Scaling']",100000,1500000
Sheesha Finance,https://www.sheeshafinance.io/,"ALMAS-48-CV34 ALMAS Tower Plot, JLT-PH1-A0 Jumeirah Lakes Towers, Dubai, United Arab Emirates","We invest in long-term projects at the earliest stage that pave the way for mass blockchain adoption across different border, barriers and ecosystems. As a decentralized VC investing, we aim to diversify our portfolio, investing in DeFi, Gaming, NFT, Real World application and encourage ESG narratives.",VC,"['Idea or Patent', 'Prototype', 'Early Revenue', 'Scaling', 'Growth']",100000,1000000
SCOR Ventures,https://www.scor.com/en/scor-pc-ventures,"5, avenue Kl√©ber, 75 795 Paris Cedex 16, Paris","We invest in: (1) the ‚ÄòInsurers of the Future‚Äô: tech-driven underwriting companies (MGAs, carriers) that offer multiple points of digital and business model differentiation. (2) any type of software solution connected to risk, from trade finance to predictive maintenance. (3) any solution helping people live healthier lives.",Corporate VC,"['Early Revenue', 'Scaling']",1000000,10000000
Vertex Ventures (Southeast Asia and India),https://www.vertexventures.sg/,"250 North Bridge Road, #11-01. Raffles City Tower, Singapore 179101","We invest in high-growth startups seeking their first round of institutional venture capital funding globally (pre-series A, Series A and beyond).

We are not your typical VC firm. We are known to be ‚ÄúCo-founders‚Äù to the startups we invest in. We support our portfolio companies in terms of:

- Talent Acquisition
- Expert Domain Knowledge
- Business Development & Strategic Partnerships
- Next Round of Funding",VC,"['Early Revenue', 'Scaling', 'Growth']",1000000,10000000
MARC Group,http://www.marc-group.com/,"Limestone House, Dubai, UAE ","We invest in innovative early stage companies across sectors and geographies.

We‚Äôre a family office with 2 principals and a diverse portfolio of venture investments (edtech, healthtech, proptech, AI/ML, RPA, media & entertainment, marketplaces, fintech).",Family office,"['Prototype', 'Early Revenue', 'Scaling']",25000,1000000
Exponential Impact,https://exponentialimpact.xyz/,USA,We invest in companies that have the potential to save the world (literally). Focused on early stage frontier technology companies that can provide radically effective solutions for climate change.,Angel network,"['Idea or Patent', 'Prototype', 'Early Revenue', 'Scaling']",50000,250000
Magic Fund,https://magic.fund,"Los Angeles, CA 90046",We invest in great founders from around the world regardless of stage or revenue. We are founders ourselves investing in founders.,VC,"['Idea or Patent', 'Prototype', 'Early Revenue']",50000,200000
MARL Accelerator,https://marlaccelerator.com/,"San Mateo, California","We invest in founders working on solving B2B problems in the sector of Mobility, AR/VR, Robotics, Logistics, Cybersecurity, AI & ML.

- At least one tech founder.
- Prototype Ready
","Incubator, Accelerator","['Prototype', 'Early Revenue']",50000,50000
Variant,https://variant.fund/,"382 NE 191st St PMB 47003, Miami, Florida 33179-3899 US",We invest in pre-seed and seed crypto-native companies in the ownership economy.,VC,"['Idea or Patent', 'Prototype', 'Scaling', 'Early Revenue']",250000,7000000
MDR Lab,https://lab.mdr.london/,"70 Kingsway, Africa House, London, England WC2B 6AH, GB",We invest in early stage companies in the legal space and help them find pmf and get ready for commercial traction,Corporate VC,"['Prototype', 'Early Revenue']",150000,50000
Malpani Ventures,https://www.malpaniventures.com,"BKC, Mumbai, Maharashtra, India - 400071","We invest in early revenue/ traction India focused companies across software/ SAAS, education and healthcare",Family office,"['Prototype', 'Early Revenue']",100000,300000
Simsan Ventures,https://simsan.vc,"83 Baker Street, London, W1U6AG, UK","We invest in early stage tech startups with focuses on deep tech and fintech in the UK, Europe, India and South Korea.",VC,"['Idea or Patent', 'Prototype', 'Early Revenue', 'Scaling']",100000,2500000
JPIN Venture Cataysts,https://www.jpin.co/,"40 Bank Street, Canary Wharf, London, TW16 6PY, GB","We invest in worldwide blockchain, crypto and digital assets startups below Series C.",VC,"['Idea or Patent', 'Early Revenue', 'Prototype', 'Scaling']",50000,5000000
Immeasurable,https://immeasurable.com,"West Hollywood, CA 90069",We invest in founders building ambitious companies all across the globe.,Family office,"['Early Revenue', 'Prototype', 'Idea or Patent']",25000,100000
Flucas Ventures,https://www.flucasvc.com/,"Palm Beach, Florida, USA","We invest in all geographies, sectors and stages, but have an emphasis on fintech and marketplaces. ",Angel network,"['Early Revenue', 'Scaling', 'Growth', 'Pre-IPO']",100000,5000000
Alpine Ventures,https://alpine.vc/,"2331 Glenview St, Alameda, CA 94501","We invest in seed stage tech startups in consumer Internet, web3 applications, and prosumer software globally. We invest post-product (can be in beta), pre everything else (pre-revenue, pre-growth).",VC,"['Prototype', 'Early Revenue']",250000,2000000
Thomson Reuters Ventures,https://www.thomsonreuters.com/en/ventures.html,"3 Times Square New York, New York 10036","We invest in data startups.

-	We are a $100M enterprise technology fund with the backing and resources of Thomson Reuters at our disposal. When we invest, we are seeking to accelerate the growth of the companies we invest in by enabling access to TR‚Äôs assets and expertise.

-	We are focused on investments in Series A companies. We will do some opportunistic Seed and/or Series B investments, but the majority with be Series A. 

-	Any company that is verticalized in the markets we operate in or adjacencies, has a core data element, and is building an interesting ML, NLP, prediction, or task/process automation based solution is going to be a sweet spot for TR Ventures",Corporate VC,"['Early Revenue', 'Scaling', 'Growth']",2000000,5000000
Audacious Ventures,https://www.audacious.co/,"San Francisco, USA","We invest in seed stage companies: SaaS, Marketplaces, Crypto",VC,"['Idea or Patent', 'Prototype', 'Early Revenue']",500000,4000000
Quiet Capital,https://www.quiet.com/,"San Francisco, California","We invest in fintech, crypto, enterprise, healthcare, marketplaces, and consumer startups. ",VC,"['Idea or Patent', 'Prototype', 'Early Revenue', 'Scaling', 'Growth']",500000,35000000
Pratithi Investments,https://www.linkedin.com/company/pratithi-investments/,"No. 515, 1st Cross, 12th Main, IV Block, Koramangala, Bangalore 560034",We invest in all sectors with other institution lead investors. We focus on great founders with great products and high standards of corporate governance. We Prefer to invest in capital-efficient companies.,VC,"['Scaling', 'Growth']",4000000,10000000
Exitfund Ventures,https://exitfund.com/,"San Jose, California ","We invest in software startups in the US or India that are solving big problems.
We are open for any software, web3.0, blockchain, AI, Generative AI, Healthtech, Fintech or a tech-based startup to invest irrespective of sector.",VC,"['Idea or Patent', 'Prototype', 'Early Revenue', 'Scaling', 'Growth']",10000,100000
YAP Capital,https://www.yapcapital.ventures/,Munich,"We invest in core infrastructure projects, decentralized finance (DeFi), Metaverse, gaming applications, and the tools and services required to develop a new product.",Family office,"['Idea or Patent', 'Prototype', 'Early Revenue', 'Scaling']",50000,250000
Incisive Ventures,Https://incisive.vc,"2212 Queen Anne Ave N, Suite 827, Seattle, WA 98109",We invest in technology companies that reduce friction at scale in the pre-seed and seed stage.,VC,"['Idea or Patent', 'Prototype', 'Early Revenue']",50000,500000
Saka Ventures,https://saka.vc,"NYC, USA",We invest in Indian startups targeting the US and other global markets.,VC,"['Early Revenue', 'Prototype']",100000,300000
C2 Capital,https://www.c2capital.org/,"5 Cheapside, London, EC2V 6AA, UK","We invest in technology oriented businesses, solving real-world problems, with revenues or a clear path to revenue, with repeatable and scalable business models, and global potential.",VC,"['Early Revenue', 'Scaling', 'Growth', 'Pre-IPO']",50000,10000000
Cactus Venture Partners,https://cactusvp.com/,"Satellite Gazebo, Guru Hargovindji Rd, Chakala, Andheri East, Mumbai, Maharashtra 400093, IN",We invest in consumer brands and enterprise tech startups,VC,"['Scaling', 'Growth']",2000000,10000000
Brinc,https://www.brinc.io/,"7F Floor Block A PMQ, 35 Aberdeen St, Central, Hong Kong","We invest in technology-based startups within the Agrifood, Smart Cities, Healthcare and Blockchain industries, located globally.","Incubator, Accelerator","['Prototype', 'Early Revenue', 'Scaling']",100000,500000
Fundamental VC,https://www.fundamentalvc.in/,"Lavelle Road, Bangalore, India",We invest in the first or second rounds of technology startups,VC,"['Idea or Patent', 'Prototype', 'Early Revenue']",500000,2000000
dlab,https://dlab.vc/,"New York, NYC US","We invest in early-stage crypto projects building DeFi, interoperability, and infrastructure protocols.",VC,"['Prototype', 'Early Revenue']",100000,300000
Ischyros New York,https://www.ischyrosnewyork.com/,"The Clubhouse Mayfair, 50 Grosve, Grosvenor Hill, London, W1K 3QT",We invest in all sectors and stages.,Other,"['Early Revenue', 'Scaling', 'Growth', 'Pre-IPO']",250000,3000000
TotalEnergies Ventures,https://ventures.totalenergies.com/en,"Total Tour Coupole 2, place Jean Millier 92078 Paris La D√©fense",We invest in climate-tech companies globally from Series A to late-stage,Corporate VC,"['Early Revenue', 'Scaling', 'Growth', 'Pre-IPO']",500000,10000000
Hoxton Ventures,https://www.hoxtonventures.com/,"Dehli, India",,Angel network,"['Prototype', 'Early Revenue']",200000,
Brand Capital,https://www.brandcapitalus.com/,"303 Twin Dolphin Dr, Redwood City, CA 94065",We invest in stage and sector agnostic companies that are looking to expand to India.,VC,"['Early Revenue', 'Scaling', 'Growth', 'Pre-IPO']",500000,5000000
ResilienceVC,https://www.resilience-vc.com/,"8 The Green, Suite R Dover, Delaware 19901","We invest in fintech startups that leverage distribution, data, delivery, and trust advantages to scale. Our focus is on fintech companies serving the mass market to build resilience for their end users. ",VC,"['Early Revenue', 'Prototype', 'Scaling']",500000,1000000
Alecla7,https://www.alecla7.com/,"Corso Venezia 54, Milan, Italy","We invest in VC opportunities globally, we are geography and industry agnostic and our sweet spot is Pre-seed to Series A stage (opportunistic from pre-seed to Pre-IPO). We mainly act as follower",Family office,"['Idea or Patent', 'Prototype', 'Early Revenue', 'Scaling', 'Growth', 'Pre-IPO']",100000,1000000
Peaceful Progress,https://www.peacefulprogress.in/,"No. 5/27, Door No.9, 3rd Floor, 10th Avenue (Opp Sri Krishna Sweets), Ashok Nagar, Chennai 600083","We invest in Tech-focused and Consumer-driven Startups leveraging our 20+ investments in these sectors generating minimum 6 exits at 2X MOIC in the next 4 years. Peaceful Progress Fund is a US $10 million seed fund in Chennai, India.",VC,"['Scaling', 'Growth']",130000,400000
Cabra VC,https://cabra.vc/,"Riga, Latvia",We invest in early stage post-revenue companies and support young teams to grow rapidly.,VC,"['Early Revenue', 'Scaling']",,
Swiss Founders Fund,https://sff.vc,"Schuetzengasse 7, 9000 St.Gallen, Switzerland","We invest in seed & early-stage tech startups with a focus on PropTech, Hospitality, Exponential Technologies & DLT.",VC,"['Early Revenue', 'Prototype', 'Idea or Patent']",25000,250000
Capgemini Ventures,https://www.capgemini.com/about-us/who-we-are/innovation-ecosystem/capgemini-ventures/,"11 rue de Tilsitt, 75017 Paris, France","We invest in ready-to-scale B2B startups with ‚Ç¨1M+ ARR, that enrich Capgemini's offer portfolio of tech and engineering services (focus on Entreprise SaaS) in NA, Europe and APAC. We act as a strategic partner.",Corporate VC,"['Scaling', 'Growth', 'Pre-IPO']",1000000,5000000
IBM Ventures,https://www.linkedin.com/company/ibmventures/,"1 New Orchard Rd., Armonk, NY 10504","We invest in infrastructure software companies across Cybersecurity, Data/AI/ML, Quantum Computing, and Climate Tech with a Series A - C sweet spot.",Corporate VC,"['Scaling', 'Growth', 'Pre-IPO', 'Early Revenue']",2000000,10000000
M Venture Partners,https://www.m-venturepartners.com/,"15a Stanley St, Singapore, 068734, SG",We invest in Pre seed up to Pre-Series A companies with great & smart founders who have had professional experience within relevant fields. Sector agnostic with a preference for revolutionary tech or early signs of traction.,VC,"['Idea or Patent', 'Prototype', 'Early Revenue']",500000,1000000
HubSpot Ventures,https://www.hubspot.com/ventures,"25 First St, Cambridge, MA 02141","We invest in ""seed plus"" and later companies aligned with our mission of helping millions of organizations grow better.

Prospective investments must, among other criteria:
- Align with our mission to help millions of organizations grow better
- Have potential to deliver unique value to the HubSpot community
- Be building a category-leading SaaS-based product
- Embody the values in HubSpot‚Äôs Customer Code and Culture Code
- Be raising a Seed, Series A, or Series B round with a notable lead",Corporate VC,"['Pre-IPO', 'Growth', 'Scaling', 'Early Revenue']",500000,3000000
9Unicorns,https://www.9unicorns.in/,"Mittal Commercia, Sakinaka, Hasan Pada Rd, Mittal Industrial Estate, Marol, Andheri East, 203-206, Mumbai, Maharashtra 400059, IN",We invest in early stage startups across all sectors. The fund will operate uniquely as an accelerator & invest in very early-stage startups. It aims to disrupt idea stage funding in India by providing initial capital of $100K with further committed capital for deserving portfolio companies. The accelerator VC will fund 100+ early-stage startups in 3 years.,VC,"['Early Revenue', 'Scaling', 'Prototype', 'Idea or Patent']",100000,2000000
Venture Catalysts,https://venturecatalysts.in/,"2nd Floor, B ‚Äì Wing, Mittal Commercia, Behind JW Marriott, Andheri ‚Äì East, Mumbai, Maharashtra 400059, IN","We invest across sectors. Venture Catalysts is creating the world's largest community driven integrated incubator that supports startups across its lifecycle with a combination of capital, knowledge & network. Having started in 2016, Venture Catalysts has been India's top ranked early stage startup investor for 5 years running, and has featured amongst the world's top 3 early stage investors for the last 2 years.

Venture Catalysts is an integrated incubator which invests USD 200k - 2Mn in capital and provides a combination of mentoring and support to the startups. Besides being India's leading investor, Venture Catalysts has gone on to become one of the World's Most Active Investors in the last few years",Angel network,"['Early Revenue', 'Scaling', 'Growth', 'Pre-IPO']",100000,2000000
Beams Fintech Fund,https://beams.vc/,"Mumbai, India","We Invest in companies operating at the intersection of Financial Services & Technology. Beams Fintech Fund is India‚Äôs 1st Growth Stage (Series B & C) Focussed Fintech Private Equity Fund. Our Fund will create a concentrated portfolio of 10-12 investments by investing $10 -$12 Mn in high-quality Fintech founders & companies in their Series B & C rounds ($100-500 Mn EV). We follow a thesis-driven approach towards investments & have narrowed it down to the following themes for the Fund: Embedded Finance, Platforms & Technologies for the Incumbents or Disrupting the Incumbents, Global Enterprises SAAS, Open Banking & Digital Financial Inclusion.",VC,"['Pre-IPO', 'Scaling', 'Growth']",7000000,12000000
Aperitivo,https://aperitivo.vc,"Avinguda Diagonal, 606, 08021 Barcelona",We invest in Worldwide startups from 0 to 1. Sector Agnostic.,VC,"['Idea or Patent', 'Prototype', 'Early Revenue', 'Scaling', 'Growth', 'Pre-IPO']",50000,5000000
Canaan,https://www.canaan.com/,"2765 Sand Hill Road, Menlo Park, CA 94025","We invest in early-stage startups across multiple sectors:  Enterprise, Consumer, Fintech & Frontier from seed to Series B.",VC,"['Prototype', 'Early Revenue', 'Scaling']",500000,20000000
Prepare 4 VC,http://prepare4vc.com,"100 State Street, FL 11, Boston, MA 02109","Our focus is on turning great founders into great leaders of growing startup ventures. We set goals with you at the beginning of the program with the aim of achieving your 12 month milestones in 12 weeks through educational programming, cohort based brainstorming and sharing, and accelerated introductions to partners, investors, and mentors who can turn ideas into action.","Incubator, Accelerator","['Prototype', 'Early Revenue']",0,0
Superbet Ventures,https://www.superbetgroup.com,"38 Warren Street, London, England W1T 5LA, GB","We invest at the intersections of sport, entertainment, betting, gaming, crypto & web3.

",Corporate VC,"['Prototype', 'Early Revenue']",100000,1000000
Dheeraj Sidana,https://www.dksidana.com,"Delhi, India","I invest in SAAS, India/US",Solo angel,"['Idea or Patent', 'Prototype', 'Early Revenue']",1000,50000
Blockchain Founders Fund,https://blockchainff.com/,Singapore,"We invest in pre-seed to seed stage, blockchain, crypto, and web3 startups. We seek companies early, under $25M in valuation. ",VC,"['Idea or Patent', 'Prototype', 'Early Revenue', 'Scaling']",200000,1000000
Randev Ventures (Family Office),https://www.randevventures.com,"Dubai, United Arab Emirates","We invest in B2B Emerging technology, Deeptech, SaaS, Cleantech, and Web3. We invest across India, MENA, North America and SEA. ",Family office,"['Prototype', 'Idea or Patent', 'Early Revenue', 'Scaling']",50000,1000000
Pentathlon Ventures,https://pentathlon.vc/,"Pune, India",We invest in Seed stage B2B SaaS companies with at least USD 100k of ARR.,VC,['Early Revenue'],350000,1000000
Great Eagle Holdings,https://www.greateagle.com.hk/,"33/F, Great Eagle Centre, 23 Harbour Road, Wanchai, Hong Kong","We invest invest in early stage Seed to Series B.

We are sector agnostic, for example we invest in Deep Tech, Semiconductors, Hard Tech, Robotics, Biotech, Life Sciences, Fintech, Software & Internet (e.g. SaaS, Cybersecurity, Ecommerce), AI, Logistics, Proptech, Edtech, Foodtech, Cleantech, Gaming, Consumer & Retail, ConstrucTech, Medical Devices",Corporate VC,"['Idea or Patent', 'Prototype', 'Early Revenue', 'Scaling', 'Growth', 'Pre-IPO']",1000000,4000000
Fintech Next,https://www.fintechnextventures.com/,1968 S. Coast Hwy #3164 Laguna Beach CA 92651,"We invest in fintech, ecommerce and payments",Angel network,"['Early Revenue', 'Scaling']",25000,150000
LvlUp Ventures,https://www.lvlup.ventures/,"555 E 5th St. Los Angeles, California 90013, US",We invest in startups with early traction (industry-agnostic),Corporate VC,"['Idea or Patent', 'Prototype', 'Early Revenue']",200000,1000000
30N Ventures,https://30n.vc,"Santiago, Chile","We invest in:

Stages 
Late Seed, Series A.

Sectors
- Fintech: Transforming the financial landscape with new models and technologies.
- Foodtech: Shaping the future of food production, distribution, and consumption.
- Retail: Revolutionizing e-commerce, marketplaces, and logistics for a seamless customer experience.",VC,"['Early Revenue', 'Scaling', 'Growth']",300000,5000000
First Stage Labs,https://fslabs.io/,"Boulevard Plaza, Dubai, UAE",We invest in web3 companies building products for mass adoption targeting 1M MAU on TON Blockchain,VC,"['Prototype', 'Early Revenue', 'Idea or Patent']",100000,2000000
Inuka Capital,https://inuka.vc,"Singapore, Singapore",We invest in companies that rely on product to drive early growth and network effects,VC,"['Idea or Patent', 'Early Revenue', 'Prototype']",100000,500000
3one4 Capital,https://www.3one4capital.com,"Office #1, 5th Floor, 1 Sobha 50, St Mark's Rd, Ashok Nagar, Bengaluru, Karnataka 560001","We invest in SaaS, Enterprise & SMB Automation, Fintech, Consumer Internet, and Digital Health, with a focus on areas such as machine-driven actionable intelligence services, digital media, ambient intelligence technologies, logistics and distribution, and climate and sustainability tech.",VC,"['Prototype', 'Early Revenue', 'Scaling']",100000,5000000
Bangchak Initiative and Innovation Center,https://www.bangchak.co.th/en/greenovation/biic,"2098 M Tower Building, 8th Floor, Sukhumvit Road, Phra Khanong Tai, Phra Khanong, Bangkok 10260 Thailand","We invest in Cleantech / ClimateTech / Sustainability, hydrogen, green molecules, CCUS, biosciences -(therapeutics, diagnostics, and devices, sustainability and synthetic biology) along with ideas that could help accelerate net zero with radical, cutting edge ideas and technology.

",Corporate VC,"['Prototype', 'Early Revenue', 'Scaling']",500000,5000000
Expert Dojo,https://expertdojo.com/,"395 Santa Monica Place, Santa Monica, CA 90405, United States","We invest in Fintech, IoT, BioTech, Health Care, Healthtech, SaaS, web3, Decarbonization, CPG, Software, Tech.","Incubator, Accelerator","['Early Revenue', 'Scaling', 'Growth']",25000,100000
Sketchnote Partners,https://www.crunchbase.com/organization/sketchnote-partners/recent_investments,"Madrid, Spain","We invest in SaaS, Fintech, Agritech, Logistics, Edtech.

Our thesis is simple. We look for:
- amazing founders
- early signs of product-market-fit
- a strong lead investor. We are always followers, we do not lead",VC,"['Early Revenue', 'Prototype']",50000,250000
Genius X,https://www.genius-x.co/,"B√∂sch 73, 6331 H√ºnenberg/ZG, Switzerland.","We accelerate early stage startups in blockchain, crypto, and web3 sectors that are nearly MVP-ready, by providing services around tech development, marketing & community building, token design and tokenomics, fundraising / investor connection, and token sale via our launchpad.","Incubator, Accelerator","['Prototype', 'Early Revenue', 'Scaling']",0,100000
Function Ventures,https://www.functionventures.com/,"New York, NY","We accelerate companies primarily in Fintech and Commerce tech domains. These include payments, lending, crypto and blockchain/web3, regtech, cybersecurity, banking and neo-banking, loyalty, data and analytics, marketplaces, merchant ops, among others. We support portfolio companies by giving them access to an advisory network of C-level executives and successful entrepreneurs, high quality tech development (and other services), and an investor community.",Startup studio,"['Scaling', 'Early Revenue', 'Growth', 'Prototype', 'Pre-IPO']",10000,300000
Campus Fund,https://www.yourcampusfund.com/,"Bangalore, Karnataka, India","We invest in Fintech, IoT, Web3, SaaS, AI, B2B, ",VC,"['Prototype', 'Early Revenue']",50000,100000
Seraphim Space,https://seraphim.vc/,"1 Fleet Place, London, EC4M 7WS","We invest in Space, DeepTech, IoT, AgTech, AI, Analytics, ClimateTech/CleanTech, DeepTech, Hardware, Insurance, IoT, Smart, Cities/UrbanTech, from Series A to growth stage companies.",VC,"['Early Revenue', 'Growth', 'Pre-IPO', 'Scaling']",250000,25000000
Strategic Group,https://www.strategicgroup.ca/venture-capital,"630 8 Ave SW, Calgary, AB, T3G 4C7, Canada",We invest in Founders and companies solving real problems in our world. We are looking for true disruptors and not incremental solutions.,Family office,"['Idea or Patent', 'Prototype', 'Early Revenue', 'Scaling']",25000,100000
Pegasus India Evolving Opportunities Funds,https://www.pegasusfininvest.com/,"Olympia building, Technology St, Hiranandani Gardens, Mumbai, India","We invest in cleantech, Edutech, fintech, cleantech",VC,"['Scaling', 'Growth', 'Pre-IPO', 'Early Revenue']",100000,500000
Summit Works,https://www.summitworks.co/,29 C Douglas Avenue Stamford CT 06906,"We invest in early-stage Agritech, Fintech, Deeptech, B2B tech, SAAS, Environment Tech, EV, and Climate tech startups based in India and USA. The average ticket size is $500K",VC,"['Idea or Patent', 'Prototype', 'Early Revenue', 'Scaling', 'Growth']",500000,500000
Tremis Capital,https://www.tremis.in/,"N138, Panchsheek Park, New Delhi","We invest in fintech, web3, SaaS, blockchain, gaming, health tech, enterprise tech, consumer internet, marketplaces with 50k to 5 Mn ARR. We prefer to never lead a round, and co-invest with the lead investor on similar round terms.",Angel network,"['Early Revenue', 'Prototype', 'Scaling']",50000,250000
Ritesh Lalwani,https://www.ekosystem.company,UAE,"I invest in businesses with a practical business plan, demonstrated PMF and solid founder / founding team. I am sector agnostic. Check out some of my investments on www.ekosystem.company",Solo angel,"['Early Revenue', 'Scaling']",1000,50000
Ilina Rai Sia,https://www.ilinaraisia.com,Singapore,"I invest in startups utilizing novel technologies to solve planetary health issues. This includes climate change, but also more overlooked segments tackling biodiversity loss, pollution and resource scarcity.",Solo angel,"['Idea or Patent', 'Prototype', 'Early Revenue']",1000,100000
Future Planet Capital,https://futureplanetcapital.com/,6 Stratton StLondon W1J 8LD,"We invest in high growth potential companies from the world's top research centres. We provide venture and growth funding to entrepreneurs and businesses profitably solving the world's greatest challenges in Climate Change, Education, Health, Sustainable Growth & Security. ",VC,"['Idea or Patent', 'Prototype', 'Early Revenue', 'Scaling', 'Growth']",25000,3000000
Nexus Venture Partners,https://nexusvp.com/,"3000 Sand Hill Rd Building 1, Suite 260, Menlo Park, CA 94025","We invest in sector agnostic companies and lead or co-lead deals in AI, fintech, open source, SaaS, Enterprise, Deep tech etc. to back outlier software companies globally",VC,"['Idea or Patent', 'Prototype', 'Early Revenue', 'Scaling', 'Growth']",100000,10000000
Cornerstone Venture Partners Fund ,https://www.csvpfund.com/,"Andheri Kurla Road, Chakala, 1107, A wing, Mumbai, Maharashtra 400093., IN",We invest in B2B SaaS companies with $1mn+ ARR ,VC,"['Early Revenue', 'Scaling', 'Growth']",500000,3000000
Artichoke Capital,https://www.artichoke.capital,"309 Ugland House, Grand Cayman, Cayman Islands","We invest in web3 - the combination of the digitization of assets via blockchain tech, and other parallel technologies like AI (ie automation). We look for founders who have domain expertise in the verticals that they‚Äôre trying to apply tech solutions to. We are early stage (pre-seed to series A) investors.",VC,"['Early Revenue', 'Prototype', 'Idea or Patent']",100000,500000
Rajat Parikh,https://www.linkedin.com/in/rajat-parikh-0848b488/,India,I invest in Non Negative Unit Economics,Solo angel,"['Idea or Patent', 'Prototype', 'Early Revenue']",1000,500000
CreedCap,https://www.creedcapasia.com/,Bangalore,"We invest in Consumer , SaaS, CleanTech, HealthTech",Family office,"['Early Revenue', 'Scaling']",200000,1500000
Sunicon Ventures,https://www.sunicon.in,"303, Kumar Plaza, Near Kalina Market, Kalina Kurla Rd, Santacruz East, Mumbai, Maharashtra 400029","We invest in industries including but not limited to Agritech, AI, AR, Biotech, Blockchain, D2C, SaaS, Supply Chain, VR, Web3.",VC,"['Prototype', 'Early Revenue', 'Scaling']",100000,400000
Core91 VC,https://core91.vc,"Mumbai, India",We invest in B2b SaaS startups generally before they‚Äôve hit $1M ARR,VC,"['Idea or Patent', 'Prototype', 'Early Revenue']",50000,350000
Save the Children Global Ventures,https://scgv.org/,"33 Lincoln Square South, Carlton, VIC 3053, Australia","We invest in scalable solutions (SaaS, fintech, healthtech, agtech, regtech) startups addressing the problems and populations served by Save the Children's body of work: ECD through secondary education, child & maternal health, climate adaptation, financial inclusion, advocacy, fundraising.",VC,"['Scaling', 'Growth', 'Early Revenue']",150000,500000
BimTek Group,https://bimtek.co.in/,"Delhi, India","We invest in Real Estate, Infrastructure, Consumer Tech",Family office,"['Pre-IPO', 'Growth']",10000000,15000000
Sinarmas Technology,http://www.sinarmas.com,"Bangalore, India","We invest in pre-Seed to Series-B stage, with preferred business models being platforms (aggregators, marketplaces, etc.), SaaS and deep-tech. Within these models, fairly sector-agnostic and comfortable with B2B as well as B2C. Software, asset-light, and highly scalable models are the favorites. ",VC,"['Early Revenue', 'Scaling', 'Growth', 'Prototype']",200000,10000000
Fidelity International Strategic Ventures,https://fisv.com/,"4 Cannon Street, London EC4M 5AB",We invest in Fintech strategic to Fidelity International,VC,"['Scaling', 'Early Revenue', 'Growth']",3000000,15000000
Miracleplus (Former Y-Combinator China),https://www.miracleplus.com/en/,"Haidian district, Chengfu Road, Beijing, CN",We accelerate startups across all verticals and geographies from ideation to Series B,"Incubator, Accelerator","['Idea or Patent', 'Prototype', 'Early Revenue', 'Scaling', 'Growth']",300000,12000000
Crypto Kingdom Ventures,https://cryptokingdom.ventures/,55 Doha Road - Al Qusais 1 - Dubai - UAE,We invest in projects that solves real world problems using blockchain technology. We prefer DeFi projects,VC,['Early Revenue'],10000,75000
big_bets,https://bigbets.tech/,"S√£o Paulo, Brasil",We invest in founders trying to create the largest tech companies of the next generation.,VC,"['Idea or Patent', 'Prototype', 'Early Revenue']",300000,2000000
Striking Markets,https://striking.markets/,"The Hague, Netherlands","We invest in FinTech, blockchain, entertainment and the creator economy. We invest in early stage; pre-seed, seed and series A. We target investments <$20MM post-money valuation with traction.",Angel network,"['Prototype', 'Early Revenue']",10000,100000
JT ventures,https://www.linkedin.com/company/jtventures/,"No. 302, 3rd Floor, Wing - 1 Block, HM Tech Park, Prashanth Extension, Whitefield Main Road, Bangalore, Karnataka 560066, IN",We invest in Disruptive innovation,Family office,['Early Revenue'],50000,250000
Cisco Climate Commitment,https://www.cisco.com/c/en/us/about/csr/climate-impact-regeneration.html,"Cisco Systems, Inc. 170 West Tasman Dr. San Jose, CA 95134 USA","We invest in climate solutions across ClimateTech, IoT, CleanTech, AgTech, Regenerative Agriculture, Carbon, EnergyTech, Urban, Cities, and Circular Economy.",Corporate VC,"['Idea or Patent', 'Prototype', 'Early Revenue', 'Scaling']",200000,2000000
OM DAO Ventures,https://omdao.vc/,"5830 East 2nd St. #94700 Casper, WY 82609 USA","We invest in web3. Currently, our primary focus lies in supporting promising web3 initiatives at the pre-seed and seed stages. We have a keen interest in projects within the DeFi, Gaming, and Infrastructure sectors, which top our priority list. ",VC,"['Prototype', 'Early Revenue', 'Scaling', 'Growth']",30000,300000
Critical Ventures,https://www.critical-ventures.com/,"Parque Industrial Do Taveiro, Lt. 48, Taveiro, Coimbra","We invest in IoT, Web3, fintech, AI, ML, DevOps, Blockchain... from seed to series B",VC,"['Scaling', 'Early Revenue', 'Prototype', 'Idea or Patent']",250000,3000000
Frontierspace Ventures,https://www.frontierspacevc.com/,"Neb Sarai , New Delhi, India",We invest in startups with good revenue growth and a top tier VC on the cap table/leading the round,VC,"['Early Revenue', 'Scaling', 'Growth']",100000,1000000
Sahith Aula,https://medium.com/@sahitha,"New York, New York","I invest in Pre-Seed and Seed Emerging Markets Fintech

While I'm focused on emerging markets fintech, I also consider non-fintech companies where embedded finance has the potential to be 25%+ of the revenue.

Evidence of early-traction and SAM are important in my analysis. SAM = # of viable customers x annual customer value.",Solo angel,"['Idea or Patent', 'Prototype', 'Early Revenue']",5000,50000
I XCEL Ltd,https://ixcel.co/,"U1, Reynard Way, London, TW8 9GD United Kingdom",We invest in businesses and founding teams with significant potential to grow and create value through socio economic activities with early cash flows.,Startup studio,"['Idea or Patent', 'Prototype', 'Early Revenue', 'Scaling', 'Growth', 'Pre-IPO']",25000,100000
Telah,https://telah.vc/,"19 Avenue d'Italie, 75013 Paris, France","We invest in innovative internet companies (Web3, Blockchain, Consumer, VR, games)",Angel network,"['Prototype', 'Idea or Patent', 'Early Revenue', 'Scaling']",150000,300000
Aperio Partners ,https://aperio.partners,B-19 Ganesh Bhavan Tulsi Pipe road Mumbai ,"We invest in companies across consumer tech, fintech, healh tech, mobility/logistics, and SaaS, deeptech etc.",VC,"['Early Revenue', 'Scaling']",150000,450000
FundL Ventures,https://fundl.ventures/,"2F Nittochi Building, 1-4-1 Kasumigaseki, Chiyoda-ku, Tokyo 100-0013","We invest in cleantech, climatetech, renewable energy, EV, agritech and other sectors that yield a positive social impact.",VC,"['Idea or Patent', 'Prototype', 'Early Revenue']",135000,1500000
Colopl Next,https://www.coloplnext.co.jp/?lang=en,"Japan, „Äí107-0052 Tokyo, Minato City, Akasaka, 9 Chome‚àí7‚àí2 6F Midtown East",We invest in anything that provides real-life entertainment.,Corporate VC,"['Early Revenue', 'Scaling', 'Growth', 'Pre-IPO']",100000,5000000
sandstorm.vc,https://sandstorm.vc/,"Burj Khalifa Boulevard, Dubai, UAE","We invest in B2B SaaS, FinTech, HealthTech, Industry 4.0.",Angel network,"['Prototype', 'Early Revenue', 'Idea or Patent']",50000,500000
Huddle Ventures,https://huddle.work/,"WeWork, Two Horizon Center, Gurgaon, Haryana, 122002","We invest in Climate, Consumer, Commerce",VC,"['Idea or Patent', 'Prototype', 'Early Revenue']",500000,1000000
CouchPotato,https://couchpotato.vc,"Bengaluru, India","We invest in SaaS, fintech, future of work, climate tech, dev tools and more. We‚Äôre thesis-driven but also founder-focused in our approach.

At Couchpotato, we believe that exceptional founders are the driving force behind transformative companies. Our mission is to empower ambitious entrepreneurs by providing patient capital and hands-on support in the earliest stages of startup journeys.

We invest pre-seed and seed, writing $100K checks as a founder's first outside capital. This enables entrepreneurs to get started and gain momentum without substantial dilution.

In addition to flexible financing, we take an active role in helping de-risk the startup process. Our team of experienced operators advises on growth, product-market fit, hiring key roles, forming partnerships, and raising future rounds.

We leverage our network to connect portfolio companies with advisors, customers, technical talent and follow-on investors. By sharing playbooks and facilitating pilot projects, we help founders avoid common pitfalls.

Our ideal founders are relentless learners who demonstrate grit, creativity and vision. We believe diverse, well-rounded teams outperform those with narrow expertise. Founders we back question assumptions, communicate effectively, and balance passion with pragmatism.

We designed Couchpotato to provide maximum autonomy with accountability. Our founder-friendly terms empower startups to take risks and maintain control. We drive alignment through transparency and only succeed when our portfolio succeeds.

If you are an ambitious innovator ready to take the leap, we want to fund you on your journey. Let‚Äôs build the future together, $100K check at a time.",Angel network,"['Idea or Patent', 'Prototype', 'Early Revenue']",10000,100000
Shift Left Ventures,https://shiftleft.ventures,"4100, Spring Valley Road, Suite 270, Farmers Branch, TX. 75244",We invest in B2B.,VC,"['Idea or Patent', 'Prototype', 'Early Revenue']",50000,250000
O2 Angels Network,https://www.o2angels.net,"Noida, India",We invest in Deeptech,Angel network,"['Idea or Patent', 'Prototype', 'Early Revenue', 'Scaling']",50000,500000
1 4 All Group,https://1-4-all.group/,"Building 2, Dubai Silicon Oasis, Dubai, UAE","We invest in all 6 economic sectors: Financial (fintech etc), Consumer (IoT, web3, prop tech food tech etc), Healthcare (longevity, biotech, pharmtech etc), Energy, Mining and Industrials (renewable, energy, mining tech etc), IT and Media (SaaS, platform etc), Infrastructure, Real Estate and Utilities.

Being value investors we look for startups that have realistic valuation ideas and are willing to sufficiently pivot with our help.",Family office,"['Early Revenue', 'Scaling', 'Growth']",100000,14000000
Transition VC,https://transitionventurecapital.com/,"Bangalore, India","We invest in Electric Vehicles, Renewable Energy, Hydrogen, Energy Storage, Carbon, etc. Either enhancing energy effciency or reducing carbon emissions directly/indirectly.",VC,"['Prototype', 'Early Revenue', 'Scaling']",250000,2000000
Cervin Ventures,https://www.cervin.com,"705 Forest Avenue Palo Alto, CA 94301","We invest in enterprise software, data and AI, cybersecurity, DevOps, cloud, and networking.",VC,"['Prototype', 'Early Revenue']",250000,6000000
Fluent Ventures,https://www.fluentvc.com/,"San Francisco, CA, USA","We invest in fintech, commerce and health. Geographic Arbitrage: we look to invest in similar business models across multiple markets. ",VC,"['Early Revenue', 'Scaling', 'Growth']",200000,2000000
NGP Capital,https://www.ngpcap.com/,"418 Florence Street Palo Alto, CA 94301, USA","We invest in early-stage B2B companies from Series A onwards in Europe, the US, Israel, and China within enterprise software, industrial tech, cybersecurity, and infrastructure.",VC,['Early Revenue'],5000000,10000000
SHRMLabs,https://www.shrmlabs.com/,"1800 Duke Street, Alexandria, Virginia 22314, US","We invest in HRTech, workplaceTech and future of work technologies.",VC,"['Early Revenue', 'Scaling', 'Growth']",50000,200000
ISX8 Ventures,https://isx8.com/,"San Mateo, CA 94403, US","We invest in disruptive, product-driven startups within enterprise SaaS, AdTech, MarTech, AI, developer tools, and productivity solutions. We seek companies with a proven business model, demonstrated traction, and existing co-investors or angel support.",Angel network,"['Early Revenue', 'Scaling', 'Growth']",50000,100000
Neil Mehta,https://www.simera.co.uk,London,"I invest in Tech4Good, mobile apps, and/or SaaS innovation for the benefit of local communities around the world, not just for profit purposes.",Solo angel,"['Early Revenue', 'Scaling']",,300000
Indus Equity Partners,https://www.indusequitypartners.com/,"604B Arcadia, 6th Floor, South City - II, Sector 49, Gurgaon - 122018, Haryana, India",We are a Sector Agnostic PE fund.,PE fund,"['Scaling', 'Growth', 'Pre-IPO']",50000000,100000000
Arkstons Capital,https://venture.angellist.com/arkstons-capital/syndicate,"London, United Kingdom","We invest in IoT, Fintech, SaaS, Tech, EdTech across stages",Angel network,"['Pre-IPO', 'Growth', 'Scaling', 'Early Revenue', 'Prototype', 'Idea or Patent']",50000,500000
SurgeDAO,https://twitter.com/surgestrategies,"Noida, Delhi, India","We invest in Pre-Seed rounds and Early-Stage companies that operate in the web3 space, and more specifically, operating under the Decentralized Finance (DeFi) umbrella. We're looking at deal flow within the $3-5Mil Valuation Range.

Sectors we're focussed on:
1) Bitcoin ecosystem
2) AI narrative
3) AI + Decentralized storage
4) DePins
5) DVT
6) Modular Thesis

Although this is not set in stone - we're open to looking at and evaluating deals across just any sector or make a narrative play, if the project and the team is solid enough. ",Angel network,"['Idea or Patent', 'Prototype']",10000,50000
Seedventure Limited,http://seedventure.uk/,"Office 484 321-323 High Road, Chadwell Heath, Essex, United Kingdom, RM6 6AX","We invest in IoT, Fintech, SaaS, Tech, EdTech across stages",VC,"['Early Revenue', 'Scaling', 'Growth']",100000,10000000
Anmol Goel,https://www.gacsltd.com,London,I invest in tech based seed to series B companies,Solo angel,"['Early Revenue', 'Scaling']",25000,100000
Homegrown CPG,https://homegrowncpg.com/,"Dubai, United Arab Emirates",We invest in CPG / FMCG startups that has a better-for-you products with a minimum revenue of $1M to $2M per year. ,VC,"['Early Revenue', 'Scaling']",100000,1000000
Sachin Sutariya,https://sachinsutariya.in,"Surat, Gujarat, India","I invest in AI/ML and B2B from Global Market, Pre-revenue stage",Solo angel,"['Prototype', 'Early Revenue', 'Scaling']",5000,50000
TRTL Ventures,https://trtl.vc/,"168 Robinson Rd, Singapore 068912","We invest in data-driven Indian founders and startups, sector agnostic.",VC,"['Prototype', 'Early Revenue', 'Scaling']",150000,200000
yard[hub],https://yardhub.tech/,"DIFC, innovation hub, Dubai, UAE",We accelerate web3 startups. Our goal is to revolutionize the way we interact with the web by developing cutting-edge Web3 technologies,"Incubator, Accelerator","['Idea or Patent', 'Prototype', 'Early Revenue', 'Scaling']",50000,200000
Rogue Opportunities ,https://www.rogue360.in/,"607/B, Pinnacle Business Park, Corporate Road, Prahlad Nagar, Nr. Auda Garden, Ahmedabad, Gujarat 380015, IN","We invest in Fintech, Saas, IoT",Angel network,"['Early Revenue', 'Scaling', 'Prototype', 'Idea or Patent']",50000,750000
Sprint1,https://sprint1.vc/,"W177N9856 Rivercrest Dr #102, Germantown, WI 53022","We co-found SaaS startups with non-technical/first time founders in healthcare, HRTech, SalesTech and B2b SaaS",Startup studio,"['Idea or Patent', 'Prototype']",10000,100000
Jaiatech Ventures,https://www.jtventures.in/,"No. 302, 3rd Floor, Wing - 1 Block, HM Tech Park, Prashanth Extension, Whitefield Main Road, Bangalore, Karnataka 560066, IN",We invest in disruptive innovation,Family office,"['Early Revenue', 'Prototype', 'Scaling', 'Growth', 'Pre-IPO']",100000,500000
SBI Ven Capital Pte Ltd,https://www.sbivencapital.com.sg/,"1-6-1 Roppongi, Minato-ku, Tokyo","We invest in seed to Series A companies across the Web3 space, such as Web3 Infrastructure, DeFi, Metaverse, Gaming, Asset Tokenization, and commercialized use cases of the distributed ledger technology.",VC,"['Early Revenue', 'Prototype', 'Scaling']",500000,5000000
Red Pin Capital,https://www.redpincapital.com,"London, UK","We invest growth equity through to IPO, backing visionary entrepreneurs through an engaged capital base, strategic relationships, and proprietary insights from some of the world‚Äôs most remarkable people.

A huge thematic focus for us is to solve the capital gap for Early-Stage VCs and their follow-on rounds. We partner with Early-Stage VCs to double down in their leading companies. Small, specialist VCs are the first funders of 80% of unicorns and tech IPOs, but 90% of the time, these first funders lack the capital to follow on in their growth stage winners.

We target venture returns at lower risk and duration.

Our focus spans across, DeepTech, FinTech, IoT, SaaS, Consumer Goods and Brands, Media, Sport, AI, Blockchain and Gaming.",VC,"['Scaling', 'Growth', 'Pre-IPO']",500000,10000000
Okya Ventures,https://venture.angellist.com/okya-ventures/syndicate,"5 Bedok Reservoir View, Singapore 478928","We typically invest in pre-seed/seed stage startups with the following focus areas: AI/ML, Deep Tech, Enterprise Software, SaaS.",Angel network,['Early Revenue'],80000,200000
Media Investments,https://www.mediainvestments.com/,"MEDIA INVESTMENTS LTD71-75, Shelton Street, Covent Garden, London, WC2H 9JQ, UNITED KINGDOM","We invest in SaaS, AdTech, online businesses with $1m+ ARR/top line revenue.",Corporate VC,"['Scaling', 'Growth', 'Pre-IPO']",1000000,18000000
Octava,https://octava.sg/,"8 Temasek Blvd, Singapore 038988","We invest in fintech and AI software startups that have generated revenue, or between seed to series A stage.",Family office,"['Early Revenue', 'Scaling']",500000,2000000
Akhilesh Chandra,https://forms.gle/ad8FQrXTS8GjyPwH7,USA,"I invest in AI, Gaming/Esports, Web3.0, SAAS, Entertainment Tech, FinTech & HealthTech.",Solo angel,"['Idea or Patent', 'Prototype', 'Early Revenue', 'Scaling', 'Growth']",50000,500000
CSGo Hub (Crypto Serumpun Go Hub),https://csgohub.io,South East Asia,We incubate web3 projects; Sector Agnostic: AI / RWA / GameFi / DePin / BRC20 / DeFi / L0 / L2 etc.,"Incubator, Accelerator","['Prototype', 'Early Revenue', 'Scaling', 'Growth', 'Pre-IPO']",10000,3000000
DIY Lithium,https://lithium.co,"154 Grand St, New York, NY 10013","We accelerate founders who have (1) gotten promoted somewhere real, and/or (2) returned capital to someone, at any scale.","Incubator, Accelerator","['Idea or Patent', 'Prototype', 'Early Revenue', 'Scaling']",20000,200000
NOW Venture Studio,https://nowventurestudio.com/,"1st Cross Rd, Santhosapuram, Koramangala 3 Block, Koramangala, Bengaluru, Karnataka 560034",We build category leaders in Sustainability & ClimateTech by leveraging DeepTech and DeepScience led innovations ,Startup studio,"['Idea or Patent', 'Prototype']",25000,250000
Amit Gogia,https://www.amitrajgogia.com,India,"I invest in ventures building at the intersection of consumer and healthcare focussed on India.

Current portfolio is a mix of consumer, ed-tech and SaaS.",Solo angel,"['Early Revenue', 'Scaling']",10000,25000
Startup Sherpas,https://www.startupsherpas.in/,"Gurugram, India",We accelerate innovative and scalable Consumer Brands and D2C Startups with signs of strong early adoption. We enable capital and meaningful mentorship from accomplished consumer industry folks and leadership of successful consumer startups to help build winning brands.,"Incubator, Accelerator","['Early Revenue', 'Scaling', 'Prototype']",50000,50000
Elevar Equity,https://www.elevarequity.com,"Bengaluru, India",We invest in businesses serving the low income communities and small businesses.,VC,"['Early Revenue', 'Idea or Patent', 'Prototype', 'Scaling', 'Growth']",1000000,10000000
CREDX Ventures,https://credx.ventures,"Toronto, Canada",We invest in pre-seed to Series A rounds across all sectors.,Other,"['Early Revenue', 'Prototype', 'Scaling', 'Growth', 'Pre-IPO', 'Idea or Patent']",50000,250000
AngelSpark,https://angelspark.net/,"in5 Tech, Dubai","We invest in promising and exciting startups in fintech, IoT, web3, SaaS, developer tools, open source, F&B, ISP. We are geography & sector agnostic.",Angel network,"['Idea or Patent', 'Prototype', 'Early Revenue', 'Scaling']",100000,100000
CobuildX,https://cobuildx.com/,"Austin, TX","We cobuild startups in the software space- Web3, Fintech, SaaS, healthcare, retail and enterprise.  We have three buckets of engagements:

Launch Catalyst
From vision to MVP, fuel ‚Äãyour early-stage startup ‚Äãjourney with expert ‚Äãmentoring and seamless ‚Äãproduct building.

Scale Catalyst
Scale your startup with ‚Äãprecision and efficiency, ‚Äãunlocking unparalleled ‚Äãgrowth and success.

Venture ‚ÄãCatalyst
Join the Venture Catalyst ‚Äãprogram to  get to a VC-‚Äãinvestible milestone, 5X ‚Äãfaster.",Startup studio,"['Prototype', 'Early Revenue', 'Scaling', 'Growth', 'Pre-IPO', 'Idea or Patent']",15000,25000
Harriet Ventures,https://www.harrietventures.com/,"St. Petersburg, FL US","We buy majority stake in cash-flowing companies with > $500k in EBITDA and we are bullish on fintech, saas, ai, B2C, B2B, Ed tech, prop tech, health tech, social impact, gaming, bio-tech, Smb, built by women/ black / Latino/ LGBT  founders and many more. ",PE fund,"['Scaling', 'Growth', 'Pre-IPO', 'Early Revenue']",500000,50000000
Rahul Thakur  Thakur,https://www.openvc.app/,New delhi,I invest in,Solo angel,['Scaling'],,20000000
Travel Capitalist Ventures,https://travelcapitalist.com/,"Al Funduq Street, Level 22, Doha, QA","We invest in (exclusively) travel companies from late seed to Series B companies. B2B and B2C companies in (but not limited to) travel fintech, travel technology platforms, travel exchanges, travel payment solutions and hotel real estate investments. Have 7 investments around the world (Brazil, USA, India, MENA..) and actively help post investment.",VC,"['Early Revenue', 'Scaling', 'Growth', 'Pre-IPO']",500000,5000000
Phoenix Venture Partners Ltd.,https://pvp-me.com/,"Al Maryah Island, ADGM square, Al Maqam Tower, 34th floor, Office 3415, Abu Dhabi, UAE","We invest in seven technology sectors including Fintech & Insuretech, Healthtech, Agritech & Foodtech, Edtech, Enertech, Logtech & mobility, and Consumer tech. We are keen to fund business models and technologies with the potential to disrupt B2C and B2B markets across the GCC, the MENA and the G20 economies. We are backing early-stage companies in Seed, Series A and B with a Capital Allocation strategy of up to 5% in scouting, up to 35%-40% in first investments, and up to 60% in follow-ons. Our typical investments range from USD 100,000 to USD 7.5 million, with an opportunity to invest a total of up to USD 7.5 million into one company over its lifetime.",VC,"['Early Revenue', 'Scaling', 'Growth']",100000,3000000
Titan Capital,https://www.titancapital.vc/,"Gurugram, India","We invest in early-stage companies with a valuation cap of $6M USD. Sector agnostic. Cheque size of $300K-$500K USD.
Titan Capital is typically the first investor in the companies it invests in and the startup team is the number one criteria for us. We look for passionate founders who are deeply committed to building their businesses and will be able to move mountains to reach their desired destination.
",Family office,"['Early Revenue', 'Prototype', 'Idea or Patent']",300000,500000
XVC Tech,http://www.xvc.tech/,"DIFC, Dubai, Dubai AE","We Invest in Web3 and Blockchain-based startups with commercially launched, early revenue ",VC,"['Scaling', 'Growth']",250000,2000000
Chandigarh Angel Network,https://chandigarhangelsnetwork.com/,"Chandigarh, India",We invest in early-stage Indian companies across all industries and verticals.,Angel network,"['Idea or Patent', 'Prototype', 'Early Revenue']",100000,400000
Hummingbird Capital Partners,https://www.hcpartners-group.org/,"Nueschelerstrasse 31, CH-8001 Zuerich, Switzerland","We invest in DeFi (operating on public blockchain networks) when their ARR ‚Äì annual recurring revenue normalized on an annual basis (NOT annualized run rate) ‚Äì demonstrates meaningful traction and scalability potential, aligning with our risk-return objectives. 

While we consider ARR as part of our investment evaluation process, we also assess user adoption, retention rates, transaction volume, technological innovation, legal & regulatory compliance, team expertise & values, cultural fit and market opportunity. 

We encourage open dialogue and transparency throughout the evaluation process to ensure mutual alignment and maximize the potential for a successful long-term partnership.",PE fund,"['Early Revenue', 'Scaling', 'Growth', 'Pre-IPO']",50000,3000000
Techne Infiniti Ventures,https://techne.vc,"20370 TOWN CENTER LANE, SUITE 150, CUPERTINO, CALIFORNIA 95014","We invest in hospitality technology (accommodation, food & beverage, travel & tourism, recreation, entertainment and wellness). We are looking for great co-founders who have an unfair advantage or unique insights on the problem.  We also look for IP defensibility.",VC,"['Idea or Patent', 'Prototype', 'Early Revenue']",50000,1000000
Chirag Sheth,https://investorsnetworkgroup.com/,"Charlotte, NC","I invest in Revenue generating. ARR $5M+, Sector Agnostic. Sweet Spot $500k to $1M. CAP $5M.  ",Solo angel,"['Prototype', 'Early Revenue', 'Scaling']",25000,1000000
Spiral Ventures,https://spiral-ventures.com/,"328 North Bridge Road, Raffles Hotel Arcade, Level 02-20, Singapore 188719","We invest in Pre-Seed up to Series A round. Sectors that we have invested in: E-Commerce, Marketplace, FinTech, HealthTech, Supply Chain, Manufacturing as a Service, B2B/Enterprise Solution, SaaS, Consumer Platform, etc.",VC,"['Early Revenue', 'Prototype', 'Scaling']",100000,1000000
Rukam Capital,https://www.rukamcapital.com/,India,We invest in purpose-led founders obsessed with solving hard problems at scale by creating products and companies.,VC,"['Early Revenue', 'Scaling', 'Prototype']",50000,1000000
Sector 7,https://venturestudio.sector7hq.co/,"Sector 7, WeWork Raheja Platinum, Mumbai - 400057","We are sector-agnostic but are inclined towards fintech, deeptech, D2C, consumer tech businesses",Startup studio,"['Idea or Patent', 'Prototype', 'Early Revenue', 'Scaling', 'Growth', 'Pre-IPO']",5000,150000
