NAME,INVESTOR_TYPE,PREFERRED_STARTUP_STAGES,FOCUS_INDUSTRIES,FOCUS_SECTOR,SERVICE_AREAS,INVESTMENT_RANGE,LOCATION,EXISTENCE_SCORE,TYPE_SCORE,INDUSTRY_SCORE,STAGE_SCORE,RANGE_SCORE,LOCATION_SCORE,OVERALL_SCORE,VERDICT,SOURCES,DATE_ADDED,VERIFIED_BY
Indus Equity Partners,Private Equity / Growth,"Scaling, Growth, Pre-IPO",Sector-agnostic,Private Equity,"Capital, Growth Funding",?415 Cr - ?830 Cr INR,"Gurgaon, Haryana, India",0.95 - official website confirmed,0.90 - self-identified PE fund,0.85 - listed as sector agnostic,0.90 - stages confirmed on site,0.50 - range discrepancy found ManualCheckInstruction:,0.95 - HQ location confirmed,0.84,CHECKED_MANUALLY,,23-10-2025,umika
Arkstons Capital,Angel,"Idea or Patent, Prototype, Early Revenue, Scaling, Growth, Pre-IPO","IoT, Fintech, SaaS, Tech, EdTech","Technology, Finance, Education","Syndicate, Angel Investment",?41.5 L - ?4.15 Cr INR,"London, UK",0.95 - active AngelList syndicate,0.95 - confirmed Angel network type,0.95 - industries listed on site,0.95 - all stages listed on site,0.75 - USD range is $50K-$500K,0.95 - HQ location confirmed,0.91,VALID,https://www.openvc.app/fund/Arkstons%20Capital; https://venture.angellist.com/arkstons-capital/syndicate; https://find-and-update.company-information.service.gov.uk/company/11848981,23-10-2025,umika
SurgeDAO,Angel,"Idea or Patent, Prototype","Web3, DeFi, Bitcoin Ecosystem, AI, Decentralized Storage, Modular Thesis","Blockchain, DeFi, AI / ML","Capital, Early-Stage Investment",?8.3 L - ?41.5 L INR,"Noida, Delhi, India",0.95 - investor profile found,0.95 - confirmed Angel network type,0.95 - focus areas confirmed,0.95 - stages confirmed on site,0.95 - USD range matches INR,0.95 - HQ location confirmed,0.95,VALID,https://www.openvc.app/fund/SurgeDAO; https://www.openvc.app/investor-lists/venture-capital-firms-investors-delhi,23-10-2025,umika
Seedventure Limited,Venture Capital,"Early Revenue, Scaling, Growth","IoT, Fintech, SaaS, Tech, EdTech","Technology, Finance, Education",Venture Capital,?83 L - ?8.3 Cr INR,"Essex, United Kingdom",0.95 - company registered UK,0.80 - sources show VC/Angel Group,0.90 - industries listed on site,0.90 - stages confirmed on site,0.75 - USD range $100K-$10M,0.95 - registered office confirmed,0.88,VALID,https://www.openvc.app/fund/Seedventure%20Limited; https://find-and-update.company-information.service.gov.uk/company/14293813; https://pitchbook.com/profiles/investor/540698-32,23-10-2025,umika
Anmol Goel,Angel,"Early Revenue, Scaling",Tech-based Companies,Technology,Angel Investment,?20.75 L - ?83 L INR,"London, UK",0.95 - individual profile found,0.95 - identified as Solo Angel,0.95 - tech focus confirmed,0.95 - stages confirmed on site,0.95 - USD range matches INR,0.95 - HQ location confirmed,0.95,VALID,https://www.openvc.app/fund/Anmol%20Goel; https://southasianherald.com/from-janakpuri-to-the-global-stage-how-anmols-journey-sparked-a-diaspora-driven-investment-movement/; https://www.gacsltd.com/,23-10-2025,umika
Huddle Ventures,Venture Capital,"Ideation, Validation, Early Traction","Climate, Consumer, Commerce","Consumer / D2C, E-commerce, Sustainability","Marketplace, SaaS, Consumer Platforms",?41.5 L - ?83 L INR,"Gurgaon, Haryana, India",0.95 - official website found,0.95 - confirmed as early-stage VC,0.95 - focus areas fully confirmed,0.90 - Pre-Seed/Seed is their focus,0.75 - check size is $500K-$1M,0.95 - HQ location confirmed,0.91,VALID,https://huddleventures.vc/; https://www.openvc.app/fund/Huddle%20Ventures; https://inc42.com/buzz/huddle-ventures-oversubscribed-fund-ii-to-soon-close-at-inr-150-cr/,23-10-2025,umika
CouchPotato,Angel,"Ideation, Validation, Early Traction","SaaS, Fintech, Future of Work, ClimateTech, Developer Tools","Enterprise / B2B SaaS, Financial Infrastructure, WorkTech","Pre-seed Investing, SaaS, Future of Work Platforms",?8.3 L - ?83 L INR,"Bangalore, Karnataka, India",0.95 - investor profile found,0.95 - confirmed as Angel network type,0.95 - focus areas fully confirmed,0.95 - pre-seed/seed focus confirmed,0.90 - check size is $100K max,0.95 - HQ location confirmed,0.94,VALID,https://www.openvc.app/fund/CouchPotato; https://www.openvc.app/blog/funding-stages-pre-seed-series-a; https://www.gacsltd.com/blog,23-10-2025,umika
Shift Left Ventures,Venture Capital,"Ideation, Validation, Early Traction","Enterprise / B2B, Enterprise Software","Enterprise / B2BSaaS, B2B Platforms","SaaS, B2B Growth Enablement",?41.5 L - ?2.075 Cr INR,"Dallas, Texas, USA",0.95 - official website found,0.95 - confirmed as VC firm,0.95 - B2B/Enterprise confirmed,0.90 - pre-seed focus confirmed,0.70 - low-end of reported $100K-300K,0.85 - listed HQ is Plano/Dallas area,0.88,VALID,https://shiftleft.ventures/; https://www.privateequityinternational.com/institution-profiles/shift-left-ventures.html; https://www.svb.com/startup-insights/vc-relations/stages-of-venture-capital,23-10-2025,umika
O2 Angels Network,Angel,"Ideation, Validation, Early Traction, Scaling",DeepTech,"AI / ML, Robotics, Quantum, Advanced Materials","DeepTech Commercialization, SaaS Platforms",?41.5 L - ?4.15 Cr INR,"Noida, India",0.95 - investor profile found,0.95 - confirmed Angel network type,0.90 - primary DeepTech focus confirmed,0.95 - stages confirmed on website,0.95 - USD range matches INR,0.95 - HQ location confirmed,0.94,VALID,https://www.o2angels.net; https://www.openvc.app/fund/O2%20Angels%20Network; https://pitchbook.com/profiles/investor/484415-74,23-10-2025,umika
1 4 All Group,Family Office,"Early Traction, Scaling, Growth","Fintech, Consumer, Healthcare, Energy, IT & Media, Infrastructure","Biotech, Mining Tech, FoodTech, Web3, SaaS","Value Investing, SaaS, Infrastructure Platforms",?83 L - ?1162 Cr INR,"Dubai, UAE",0.50 - no direct source found ManualCheckInstruction:,0.70 - generic Family Office claim,"0.60 - extremely broad, no single source to confirm",0.70 - stages align with mid-market FO,"0.60 - huge range, INR conversion to USD $100Kâ€“$1.4B",0.95 - HQ location confirmed,0.67,CHECKED_MANUALLY,,23-10-2025,umika
Transition VC,Venture Capital,"Validation, Early Traction, Scaling","EV, Renewable Energy, Hydrogen, Energy Storage, Carbon Tech","Electric Mobility, Carbon Capture, Clean Hydrogen","Climate SaaS, EV Platforms, Energy Infrastructure",?20.75 Cr - ?16.6 Cr INR,"Bangalore, India",0.95 - official site confirmed,0.95 - confirmed as VC firm,0.95 - clean energy focus confirmed,0.95 - seed to Series A focus,0.75 - check size is $500K-$1M,0.95 - HQ location confirmed,0.91,VALID,https://www.transitionventurecapital.com/; https://www.openvc.app/fund/Transition%20VC; https://pitchbook.com/profiles/fund/22917-79F; https://www.youtube.com/watch?v=7MGNVE9mbHA,23-10-2025,umika
Cervin Ventures,Venture Capital,"Validation, Early Traction","Enterprise / B2B, Data & AI, Cybersecurity, DevOps, Cloud, Networking","Enterprise / B2B SaaS, Cybersecurity, CloudSaaS, Enterprise Platforms, DevOps Solutions",Venture Capital,?20.75 Cr - ?49.8 Cr INR,"Palo Alto, California, USA",0.95 - official website confirmed,0.95 - exclusively B2B VC,0.95 - detailed sector focus confirmed,0.95 - seed/Series A focus confirmed,0.85 - check size is $200K-$7M,0.95 - HQ location confirmed,0.93,VALID,https://www.cervinventures.com/; https://www.openvc.app/fund/Cervin%20Ventures; https://www.prweb.com/releases/cervin-ventures-raises-162-million-to-invest-in-early-stage-startups-launches-portfolio-services-team-301927557.html,23-10-2025,umika
Fluent Ventures,Venture Capital,"Early Traction, Scaling, Growth","Fintech, Commerce, HealthTech","Commerce, Health Platforms, Financial SaaS","Geographic Arbitrage, SaaS, Cross-Border Commerce",?1.66 Cr - ?16.6 Cr INR,"San Francisco, California, USA",0.95 - official website found,0.95 - confirmed as early-stage VC,0.95 - focus areas fully confirmed,0.95 - post-validation to growth focus,0.80 - check size is $250K-$2M,0.95 - HQ location confirmed,0.93,VALID,https://www.fluent.vc/; https://venturecapitalarchive.com/venture-funds/fluent-ventures-fluentvc-com; https://betakit.com/canadian-founded-san-francisco-based-fluent-ventures-bets-on-global-startups-with-40-million-usd-early-stage-vc-program/,23-10-2025,umika
NGP Capital,Venture Capital,Early Traction,"Enterprise / B2B, Industrial Tech, Cybersecurity, Infrastructure","Industrial IoT, Cybersecurity Platforms, Enterprise AI","B2B SaaS, Enterprise Infrastructure, Industrial Solutions",?41.5 Cr - ?83 Cr INR,"Palo Alto, California, USA",0.95 - official website found,0.95 - confirmed as VC fund,0.95 - focus areas fully confirmed,0.95 - invests from Series A onwards,0.95 - check size is $5M-$15M,0.95 - HQ location confirmed,0.95,VALID,https://www.ngpcap.com/; https://www.openvc.app/fund/NGP%20Capital; https://www.ngpcap.com/contact,23-10-2025,umika
Sinarmas Technology,Corporate VC,"Prototype, Early Revenue, Scaling, Growth","Platforms (aggregators, marketplaces), SaaS, DeepTech","B2B / B2C Platforms, Software, Asset-light scalable models","Platform / Marketplace, SaaS, DeepTech",?1.66 Cr - ?83 Cr INR,"Bangalore, Karnataka",0.95 - investor profile found,0.95 - confirmed as Corporate VC,0.95 - focus areas fully confirmed,0.95 - stages confirmed on site,0.95 - USD range matches INR,0.90 - India location confirmed,0.94,VALID,https://www.openvc.app/fund/Sinarmas%20Technology; https://sinarmastechnology.com/; https://tracxn.com/d/corporate-investments/investments-by-sinar-mas/__-BnBKuxJN-wpWSkQIDIJptwkji9jNPYbeC6J4spVyHU,23-10-2025,umika
BimTek Group,Family Office,"Growth, Pre-IPO","Real Estate, Infrastructure, Consumer","Property Development, Infrastructure, Consumer Tech","Real Estate, Infrastructure, Consumer Tech",?83 Cr - ?124.5 Cr INR,"Delhi, India",0.95 - official website found,0.95 - self-identified Single Family Office,0.95 - core sectors fully confirmed,0.95 - growth/pre-IPO confirmed,0.75 - check size is $3M-$20M,0.95 - HQ location confirmed,0.92,VALID,https://bimtek.co.in/; https://www.openvc.app/fund/BimTek%20Group; https://medium.com/@mohitchawla276/about,23-10-2025,umika
Core91 VC,Venture Capital,"Idea or Patent, Prototype, Early Revenue",Enterprise / B2B,"Business Software, Enterprise Tools","SaaS, B2B",?4.15 Cr - ?28.05 Cr INR,"Mumbai, Maharashtra",0.95 - official website found,0.95 - confirmed as VC fund,0.95 - thesis B2B SaaS focus,0.90 - Pre-Seed to Series A focus,0.75 - check size is $100K-$400K USD,0.95 - HQ location confirmed,0.91,VALID,https://core91.vc/; https://pitchbook.com/profiles/investor/455044-15; https://www.zaubacorp.com/CORE91-VC-LLP-AAT-2366,23-10-2025,umika
CreedCap,Family Office,"Early Revenue, Scaling","Consumer, SaaS, CleanTech, HealthTech","Consumer Platforms, CleanTech, HealthTech","Consumer Tech, SaaS, Health / CleanTech",?1.66 Cr - ?12.45 Cr INR,"Bangalore, Karnataka",0.95 - official website found,0.85 - invests private capital for families,0.95 - core sectors fully confirmed,0.95 - focus on early revenue/scaling,0.90 - check size is $200K-$1.5M,0.95 - HQ location confirmed,0.93,VALID,https://www.creedcapasia.com/; https://www.openvc.app/fund/CreedCap; https://tracxn.com/d/investment-bank/creedcap-asia-advisors/__z50kFfX3Y1O-c3H800HDvENXsRUj5j2gARCKTcmvxZs,23-10-2025,umika
Pentathlon Ventures,Venture Capital,Early Revenue,Enterprise / B2B,Enterprise / B2B SaaS,"SaaS, B2B",?2.905 Cr - ?8.3 Cr INR,"Pune, Maharashtra",0.95 - official website found,0.95 - confirmed as B2B SaaS VC,0.95 - B2B SaaS focus confirmed,0.95 - post-validation to Series A focus,0.80 - check size is $350K-$1M USD,0.95 - HQ location confirmed,0.93,VALID,https://pentathlon.vc/; https://www.openvc.app/fund/Pentathlon%20Ventures; https://www.livemint.com/companies/start-ups/pentathlon-ventures-announces-close-of-maiden-fund-at-76-crore-11632291941801.html,23-10-2025,umika
Dheeraj Sidana,Angel,"Idea or Patent, Prototype, Early Revenue","SaaS, Technology",Software / SaaS,"SaaS, Technology",?8.3 L - ?41.5 L INR,"Delhi, India",0.95 - individual profile found,0.95 - self-identified Solo Angel,0.95 - focus SaaS confirmed,0.95 - all early stages confirmed,0.95 - USD range matches INR,0.95 - HQ location confirmed,0.95,VALID,https://www.openvc.app/fund/Dheeraj%20Sidana; https://www.dksidana.com/; https://theorg.com/org/nielsen/org-chart/dheeraj-sidana,23-10-2025,umika
Beams Fintech Fund,Venture Capital,"Scaling, Growth, Pre-IPO","Fintech, SaaS, Financial Inclusion","Embedded Finance, Open Banking, Digital Financial Platforms","Fintech, SaaS",?58.1 Cr - ?99.6 Cr INR,"Mumbai, Maharashtra",0.95 - official website found,0.90 - self-identified Growth-Stage PE/VC,0.95 - focus areas fully confirmed,0.95 - Series B/C/Growth focus,0.95 - check size is $7M-$12M USD,0.95 - HQ location confirmed,0.94,VALID,https://beams.vc/; https://www.openvc.app/fund/Beams%20Fintech%20Fund; https://inc42.com/features/fintech-funding-outlook-remains-cautiously-optimistic-for-fy23-beams-fintech-funds-sagar-agarvwal/,23-10-2025,umika
Venture Catalysts,Incubator / Accelerator,"Early Revenue, Scaling, Growth, Pre-IPO",Sector-agnostic,"Consumer, SaaS, DeepTech, Tech-enabled","Capital, Mentorship, Incubation",?8.3 Cr - ?166 Cr INR,"Mumbai, Maharashtra",0.95 - official website found,0.95 - confirmed Integrated Incubator,"0.85 - nominally sector-agnostic, but diverse focus",0.95 - investment stages fully align,0.80 - check size is $275K-$2M USD,0.95 - HQ location confirmed,0.91,VALID,https://venturecatalysts.in/; https://www.openvc.app/fund/Venture%20Catalysts; https://venturecatalysts.in/invest-in-indian-startups/,23-10-2025,umika
Peaceful Progress,Venture Capital,"Scaling, Growth","Tech, Consumer-driven","Technology, Consumer Internet","Seed Investment, Growth Support",?10.79 Cr - ?33.2 Cr INR,"Chennai, Tamil Nadu",0.95 - official website found,0.85 - identified as Angel Fund/VC,0.95 - tech/consumer focus confirmed,0.95 - focus on early-stage/scaling,0.75 - check size is $133K-$400K USD,0.95 - HQ location confirmed,0.91,VALID,https://www.peacefulprogress.in/; https://www.openvc.app/fund/Peaceful%20Progress; https://yourstory.com/2025/01/early-stage-angel-vc-firm-peaceful-progress-fund-c,23-10-2025,umika
Pi Ventures,Venture Capital,"Seed, Early Traction, Series A","DeepTech, AI, Robotics, Quantum, Biotechnology, Advanced Materials, SpaceTech","AI/ML, Autonomous Robots, Quantum, BioTech, SpaceTech, Advanced Materials","Equity Investment, Strategic Support, DeepTech Founders, Incubation / Acceleration",?41.5 L INR - ?83 L INR,India,0.95 - official website found,0.95 - confirmed as DeepTech VC,0.95 - detailed sectors align exactly,0.95 - Seed/Pre-Series A focus confirmed,0.60 - check size is $250K-$3M USD ManualCheckInstruction:,0.95 - HQ location confirmed,0.89,VALID,,23-10-2025,umika
Reliance Venture Asset Management Ltd.,Corporate VC,"Seed, Early Traction, Growth","Technology, CleanTech, Consumer, Infrastructure, Media / Lifestyle","Semiconductors, Reverse Logistics, Internet & Mobile Platforms","Equity Investment, Strategic Partnerships, Incubation Support",?83 L INR - ?1.25 Cr INR,"Mumbai, Maharashtra",0.80 - historical CVC arm of ADA Group,0.50 - status is 'Out of Business'/'Deadpooled' ManualCheckInstruction:,0.80 - confirmed broad tech/consumer/clean focus,0.85 - invests early to growth stage,0.50 - check size is $200K-$2M USD ManualCheckInstruction:,0.95 - HQ location confirmed,0.74,CHECKED_MANUALLY,,23-10-2025,umika
LVX,Venture Capital,"Seed, Early Traction, Series A, Growth","Fintech, Agritech, EdTech, SaaS, HealthTech, Consumer","Digital Payments, Lending Platforms, Online Learning, Enterprise SaaS, HealthTech, E-commerce","Equity Investment, Angel Syndicates, Venture Debt, Incubation, Acceleration, Founder Education",?83 L - ?25 Cr INR,"Bengaluru, Karnataka",0.95 - company profile found,0.90 - full-stack platform (VC/Angel/Debt),0.95 - multi-sector focus confirmed,0.95 - full lifecycle support confirmed,0.75 - check size is $150K-$2M USD,0.95 - HQ location confirmed,0.91,VALID,https://lvxventures.com/; https://lvxventures.com/grow; https://inc42.com/buzz/letsventure-rebrands-to-lvx-to-back-growth-stage-startups/,23-10-2025,umika
Omnivore Partners,Venture Capital,"Seed, Early Traction, Series A","Agritech, Food Systems, ClimateTech, Rural Economy","AgriTech, FoodTech, Rural Fintech, ClimateTech","Equity Investment, Strategic Guidance, Climate Resilience Initiatives, Rural Development",?83 L - ?4.15 Cr INR,"Mumbai, Maharashtra",0.95 - official website found,0.95 - dedicated Agritech VC fund,0.95 - core sectors fully confirmed,0.95 - Seed/Series A focus confirmed,0.70 - check size is $1M-$5M USD ManualCheckInstruction:,0.95 - HQ location confirmed,0.91,VALID,,23-10-2025,umika
Orange Corp,Corporate VC,"Seed, Early Traction, Growth","AI, Entertainment, Fashion, Food, Information Technology","AI/ML, Film Production, Sustainable Fashion, Food Security, IT Services","Venture Capital, Incubation, Acceleration, Venture Debt, Film Production & Co-Production",From ?4.15 Cr INR,"Mumbai, Maharashtra",0.85 - web presence confirms CVC/incubator,0.85 - claims to be VC/LP/Incubator,0.95 - focus industries clearly listed,0.90 - Seed to Growth focus confirmed,0.70 - one source quotes $100K max ManualCheckInstruction:,0.85 - listed HQ is Mumbai/Delhi,0.85,CHECKED_MANUALLY,,23-10-2025,umika
IAN Fund,Venture Capital,"Early Traction, Series A, Growth","Software, SaaS, Fintech, HealthTech, AI, BioTech, DeepTech, EdTech, AgriTech, SpaceTech","Enterprise SaaS, Fintech, AI/ML, BioTech, DeepTech, EdTech, AgriTech, SpaceTech","Equity Investment, Strategic Guidance, Market Access, Mentorship, Operational Support",?2.5 Cr - ?50 Cr INR,"Delhi, India",0.95 - official website found,0.95 - confirmed as a VC fund,0.95 - all sectors explicitly listed,0.95 - stages confirmed on site,0.90 - check size is $1M-$6M USD,0.95 - HQ location confirmed,0.94,VALID,https://iangroup.vc/about-us/; https://alpha.indianangelnetwork.com/; https://www.openvc.app/fund/IAN%20Fund,23-10-2025,umika
Chiratae Ventures (formerly IDG Ventures India),Venture Capital,"Seed, Early Traction, Series A, Growth","Software, IT & TMT, Media, BioTech, Business Solutions, Fintech, Hardware, CleanTech, HealthTech, Life Sciences","Enterprise SaaS, Digital Consumer, Mobile, Media, Technology-enabled Consumer, MedTech, CleanTech, Cloud","Equity Investment, Strategic Guidance, Market Access, Mentorship, Operational Support",?83 L - ?64.1 Cr INR,"Bengaluru, Karnataka",0.95 - official website confirmed,0.95 - confirmed as a VC fund,0.90 - sector focus is broad (Tech-enabled),0.95 - full early-to-growth stage confirmed,0.75 - seed check is $500K-$2M USD,0.95 - HQ location confirmed,0.91,VALID,https://www.chiratae.com/; https://www.chiratae.com/chiratae-ventures-announces-second-close-of-usd-150-million-for-its-fifth-vc-fund-focused-on-early-stage-startups; https://inc42.com/buzz/chiratae-ventures-marks-second-close-of-fifth-fund-at-150-mn/,23-10-2025,umika
Elevation Capital,Venture Capital,"Seed, Series A, Growth","Fintech, SaaS, Consumer Tech, HealthTech, EdTech, CleanTech, New Materials","Digital Payments, Enterprise SaaS, E-commerce, Online Education, Renewable Energy, BioTech, AgriTech","Equity Investment, Strategic Guidance, Market Access, Mentorship, Operational Support",?8.3 Cr - ?83 Cr INR,"Gurugram, Haryana",0.95 - official website found,0.95 - confirmed as a VC fund,0.95 - all sectors explicitly listed,0.95 - Seed/Series A core focus,0.85 - check size is $2M-$5M USD,0.95 - HQ location confirmed,0.94,VALID,https://elevationcapital.com/pitch; https://elevationcapital.com/growth; https://www.businesstoday.in/entrepreneurship/story/elevation-capital-to-write-larger-early-stage-cheques-with-new-fund-329206-2022-04-08,23-10-2025,umika
Samrat Investments,Corporate VC,"Seed, Early Traction, Growth","Fintech, AI, CleanTech, AgriTech, HealthTech, EdTech","Digital Payments, AI/ML, Renewable Energy, Sustainable Agriculture, BioTech, Online Education","Equity Investment, Strategic Guidance, Market Access, Mentorship, Operational Support",?20 L - ?5 Cr INR,"Manali, Himachal Pradesh",0.50 - generic financial services ManualCheckInstruction:,,0.50 - claims CVC but appears a credit union,0.60 - highly aspirational/broad focus,0.75 - check size matches early seed stage,0.70 - location is highly unusual for CVC,0.68,CHECKED_MANUALLY,https://www.indiamart.com/samrat-investments/aboutus.html; https://www.samratfinancialbanking.com/funding; https://www.youtube.com/watch?v=DtEnjq4-j_A,23-10-2025,umika
Samyakth Capital,Venture Capital,"Early Traction, Prototype","Fintech, SaaS, Consumer Tech, HealthTech, EdTech, CleanTech, New Materials","Digital Payments, Enterprise SaaS, E-commerce, Online Education, Renewable Energy, BioTech, AgriTech","Equity Investment, Debt Financing, Strategic Guidance, Market Access, Mentorship, Operational Support",?20.75 L - ?1.66 Cr INR,"Mumbai, Maharashtra",0.95 - company profile found,0.95 - hybrid VC/Debt fund,0.90 - broad tech focus confirmed,0.85 - seed to Series A stages,0.75 - check size is $300K max USD,0.95 - HQ location confirmed,0.91,VALID,https://yourstory.com/2020/09/vc-samyakth-capital-bids-on-early-stage-fintech-startups; https://pitchbook.com/profiles/investor/229263-85; https://yourstory.com/2020/07/venture-capital-firm-samyakth-capital-rentomojo-coronavirus,23-10-2025,umika
Speciale Invest,Venture Capital,"Idea or Patent, Prototype, Early Traction","DeepTech, AI, SpaceTech, CleanTech, Advanced Manufacturing, Robotics, Semiconductors, Defense","AI/ML Infrastructure, Quantum, Propulsion Tech, Robotics, Rocket Engines, Lithium Tech, Optical Communication, Drones","Equity Investment, Strategic Guidance, Market Access, Mentorship, Operational Support",?7 Cr - ?10 Cr INR,"Bengaluru, Karnataka",0.95 - official website found,0.95 - confirmed as DeepTech VC,0.95 - detailed sectors align exactly,0.95 - pre-seed/seed stage focus,0.95 - check size is $800K-$1.2M USD,0.95 - India-focused confirmed,0.95,VALID,https://www.specialeinvest.com/; https://inc42.com/buzz/speciale-invest-closes-fund-iii-at-inr-600-cr-to-back-deeptech-startups-2; https://www.openvc.app/fund/Speciale%20Invest,23-10-2025,umika
Venture Highway,Venture Capital,"Idea or Patent, Prototype, Early Traction","Fintech, EdTech, HealthTech, SaaS, E-commerce, Social Impact, Human Capital, Marketing, AI, Commerce","Digital Payments, Online Education, HealthTech, Enterprise SaaS, Consumer Internet, Social Platforms, Marketing Automation, AI/ML, B2B SaaS, E-commerce","Equity Investment, Strategic Guidance, Market Access, Mentorship, Operational Support",?1.66 Cr - ?20.75 Cr INR,"New Delhi, Delhi",0.95 - official profile found,0.95 - confirmed as Seed-stage VC,0.95 - focus sectors explicitly listed,0.95 - invests pre-product/early revenue,0.90 - check size is $200K-$2.5M USD,0.95 - HQ location confirmed,0.94,VALID,https://www.openvc.app/fund/Venture%20Highway; https://www.capboard.io/en/investor/venture-highway; https://timesofindia.indiatimes.com/business/india-business/us-based-vc-fund-general-catalyst-acquires-venture-highway-in-india-push/articleshow/111145853.cms,23-10-2025,umika
Tomorrow Capital,Corporate VC,"Seed, Early Traction, Growth","Healthcare, Education, Consumer Tech, Wellness, Fintech, Retail","Dialysis Services, Education, Fertility, Nutrition, Fitness, Digital Payments, E-commerce","Equity Investment, Strategic Guidance, Market Access, Mentorship, Operational Support",?8.3 Cr - ?83 Cr INR,"Mumbai, Maharashtra",0.95 - official website confirmed,0.95 - confirmed as strategic VC fund,0.95 - focus areas fully confirmed,0.95 - early-stage consumer focus,0.90 - check size is $1M-$10M USD,0.95 - HQ location confirmed,0.94,VALID,https://tomorrowcapital.in/; https://tomorrowcapital.in/our-vision.html; https://www.openvc.app/fund/Tomorrow%20Capital,23-10-2025,umika
Emphasis Ventures (EMVC),Venture Capital,"Idea or Patent, Prototype, Early Traction, Scaling","Fintech, Insurtech, SaaS, Enterprise Software, Consumer Tech","Digital Payments, Personal Finance, Enterprise SaaS, Embedded Insurance, Identity Verification, Lending, Embedded Finance","Equity Investment, Strategic Guidance, Market Access, Mentorship, Operational Support",?83 L - ?8.3 Cr INR,"Mumbai, Maharashtra",0.95 - official website confirmed,0.95 - confirmed as Fintech VC,0.95 - deep sector focus fully confirmed,0.95 - invests at all early stages,0.95 - check size is $100K-$1M USD,0.95 - Mumbai office confirmed,0.95,VALID,https://www.em.vc/; https://www.em.vc/emvc-team; https://www.openvc.app/fund/EMVC%20Emphasis%20Ventures,23-10-2025,umika
100X.VC,Venture Capital,"Idea or Patent, Prototype, Early Traction","Fintech, SaaS, DeepTech, Consumer Tech, HealthTech, EdTech, Web3, ClimateTech, Logistics, Enterprise Software","Digital Payments, Lending, InsurTech, Enterprise SaaS, AI/ML, Blockchain, E-commerce, BioTech, RegTech, Consumer/D2C, Logistics Platforms, SaaS Infrastructure","Equity Investment, Strategic Guidance, Market Access, Mentorship, Operational Support",?29.1 L - ?29.1 L INR,"Mumbai, Maharashtra",0.95 - official website found,"0.85 - uses iSAFE note, accelerator model",0.95 - sector agnostic with broad focus,0.95 - invests pre-product/early revenue,0.95 - fixed check size â‚¹1.25 Cr,0.95 - HQ location confirmed,0.94,VALID,https://www.100x.vc/; https://www.100x.vc/press-releases/100-x-vc-invests-usd-2-7-mn-in-18-startups-as-part-of-class-12; https://www.forbesindia.com/article/take-one-big-story-of-the-day/how-100xvc-takes-startups-from-zero-to-one-and-beyond/74991/1,23-10-2025,umika
100Unicorns,Venture Capital,"Idea or Patent, Prototype, EarlyTraction, Scaling","Fintech, SaaS, DeepTech, Consumer Tech, HealthTech, EdTech, Web3, ClimateTech, Logistics, Enterprise Software","Digital Payments, Lending, InsurTech, B2B SaaS, AI, Blockchain, E-commerce, BioTech, RegTech, D2C Brands, Logistics Platforms, SaaS Infrastructure","Equity Investment, Strategic Guidance, Market Access, Mentorship, Operational Support",?2.5 Cr - ?16.6 Cr INR,"Mumbai, Maharashtra",0.95 - official website found,0.95 - confirmed Accelerator VC/Fund,0.95 - sector agnostic with broad focus,0.95 - all early stages confirmed on site,0.85 - check size is $300K-$2M USD,0.95 - HQ location confirmed,0.94,VALID,https://www.100unicorns.in/; https://www.openvc.app/fund/100X.VC; https://www.indiaretailing.com/2024/05/15/100unicorns-launches-200-mn-fund-plans-to-deploy-it-in-5-5-yrs,23-10-2025,umika
Rajat Parikh,Angel,"Idea or Patent, Prototype, EarlyTraction","Web3, Analytics, Data Integrations","Blockchain Infrastructure, Decentralized Finance (DeFi), Data Analytics, Enterprise Software, SaaS","Equity Investment, Strategic Guidance, Market Access, Mentorship, Operational Support",?8.3 L - ?4.15 Cr INR,India,0.95 - individual profile found,0.95 - self-identified Solo Angel,0.95 - deep sector focus confirmed,0.95 - all early stages confirmed,0.95 - check size is $1K-$500K USD,0.95 - India-based confirmed,0.95,VALID,https://www.openvc.app/fund/Rajat%20Parikh,23-10-2025,umika
Titan Capital,Family Office,"Idea or Patent, Prototype, EarlyTraction","Fintech, SaaS, Consumer Tech, HealthTech, EdTech, D2C, AI, DeepTech, DefenceTech","Digital Payments, Enterprise SaaS, E-commerce, Online Education, BioTech, Consumer Brands, AI Infrastructure, Cybersecurity, Aerospace, Advanced Manufacturing","Equity Investment, Strategic Guidance, Market Access, Mentorship, Operational Support",?2.49 Cr - ?4.15 Cr INR,"Gurugram, Haryana",0.95 - official website found,0.95 - confirmed founder-led Family Office,0.95 - all sectors explicitly listed,0.95 - first check at pre-seed/seed,0.90 - check size is $300K-$500K USD,0.95 - HQ location confirmed,0.94,VALID,https://www.titancapital.vc/; https://www.openvc.app/fund/Titan%20Capital; https://entrackr.com/snippets/titan-capital-launches-investment-vertical-to-back-indian-defence-tech-startups-9190427,23-10-2025,umika
Rahul Thakur,Angel,Scaling,Sector-agnostic,Sector-agnostic,Equity Investment,From ?16.6 Cr INR,"New Delhi, Delhi",0.30 - multiple names,0.60 - unclear angel,0.50 - too generic,0.40 - stage vague,0.70 - high ticket unproven,0.90 - Delhi listed,0.57,NEEDS_MANUAL_VALIDATION,https://in.linkedin.com/in/rahul-thakur-1694842b; https://in.linkedin.com/in/rahulthakur2; https://in.linkedin.com/in/rtx; https://www.investmentnetwork.in/angel-investors/rahul-r-angel-investor-new-delhi-india-1148670,23-10-2025,umika
CREDX Ventures,Other,"Idea or Patent, Prototype, EarlyTraction, Scaling, Growth, Pre-IPO","AI, Fintech, SaaS, DeepTech, D2C, ClimateTech, Sustainability",Sector-agnostic,"SaaS, D2C, DeepTech, ClimateTech",?41.5 L - ?2.07 Cr INR,"Toronto, Ontario",0.95 - investor profile found,0.95 - confirmed syndicate model,0.90 - self-stated sector agnostic,0.95 - all stages explicitly listed,0.85 - check size is $50K-$250K USD,0.95 - HQ location confirmed,0.93,VALID,https://credx-ventures.webflow.io/; https://www.openvc.app/fund/CREDX%20Ventures; https://www.youtube.com/watch?v=7MGNVE9mbHA,23-10-2025,umika
Axilor Ventures,Venture Capital,"Prototype, EarlyTraction","Enterprise Software, DeepTech, Fintech, HealthTech, Supply Chain, Agriculture Tech, ClimateTech","Enterprise SaaS, B2B Commerce, Fintech, HealthTech, AgriTech, ClimateTech","Equity Investment, Strategic Guidance, Market Access, Mentorship, Operational Support",?2.07 Cr - ?4.15 Cr INR,"Bangalore, Karnataka",0.95 - official website found,0.95 - confirmed as active Seed VC,0.95 - detailed sectors explicitly confirmed,0.95 - seed/pre-Series A focus confirmed,0.95 - check size is $200K-$500K USD,0.95 - HQ location confirmed,0.95,VALID,https://www.axilor.com/; https://www.axilor.com/portfolio/; https://www.axilor.com/axilor-launches-its-second-seed-fund-of-100m,23-10-2025,umika
Chiratae Ventures,Venture Capital,EarlyTraction,"Consumer Tech, Fintech, HealthTech, SaaS, DeepTech, ClimateTech, SpaceTech","Enterprise SaaS, B2B Commerce, AI/ML, FinTech Platforms, HealthTech Platforms, ClimateTech Infrastructure","Equity Investment, Strategic Guidance, Market Access, Mentorship, Operational Support",?8.3 Cr - ?64.1 Cr INR,"Bangalore, Karnataka",0.95 - official website confirmed,0.95 - confirmed as a VC fund,0.95 - all sectors explicitly confirmed,0.95 - early-stage focus confirmed,0.80 - check size is $500K-$15M USD,0.95 - HQ location confirmed,0.93,VALID,https://www.chiratae.com/; https://www.chiratae.com/chiratae-sonic/; https://entrackr.com/snippets/chiratae-ventures-makes-second-close-of-fund-v-at-150-mn-10494280,23-10-2025,umika
Cloud Capital,Venture Capital,"Idea or Patent, Prototype, EarlyTraction, Scaling","SaaS, Fintech, HealthTech, Web3, Cloud Infrastructure","Enterprise SaaS, B2B Commerce, AI/ML, FinTech Platforms, HealthTech Platforms, Cloud Infrastructure","Equity Investment, Strategic Guidance, Market Access, Mentorship, Operational Support",?41.5 L - ?2.07 Cr INR,"Delhi, Delhi",0.95 - company profile found,0.95 - micro VC fund confirmed,0.95 - specific sectors confirmed,0.95 - early-stage focus confirmed,0.95 - check size is $50K-$250K USD,0.95 - HQ location confirmed,0.95,VALID,https://www.ynos.in/venture-capital/cloud-capital-001139; https://pitchbook.com/profiles/investor/469983-34; https://www.cloudcap.in/,23-10-2025,umika
Media Inv,Corporate VC,"Scaling, Growth","AdTech, SaaS, Digital","Advertising, SaaS","Equity Investment, Strategic Guidance, Market Access, Mentorship, Operational Support",?8.3 Cr – ?149.4 Cr,"London, United Kingdom",1.00 - profile found OpenVC,1.00 - listed as Corporate VC,1.00 - AdTech/SaaS focus confirmed,"0.90 - Scaling, Growth confirmed",1.00 - investment range confirmed,1.00 - HQ London confirmed,0.98,VALID,https://www.openvc.app/fund/Media%20Investments; https://find-and-update.company-information.service.gov.uk/company/14677099/officers,23-10-2025,Swarnim
Octava,Family Office,"Early Traction, Scaling","Fintech, AI","Financial Software, AI / ML","Equity Investment, Strategic Guidance, Market Access, Mentorship, Operational Support",?4.15 Cr – ?16.6 Cr,Singapore,"1.00 - official site, multiple profiles",1.00 - clearly stated as Family Office,1.00 - direct investment focus confirmed,0.90 - stated as Seed to Series A (Early Revenue/Scaling),0.70 - check size found in USD ($500k to $2M),1.00 - HQ Singapore confirmed,0.93,VALID,https://octava.sg/; https://www.openvc.app/fund/Octava; https://altss.com/profile/octava,23-10-2025,Swarnim
Akhilesh Chandra,Angel,"Idea or Patent, Prototype, Early Traction, Scaling, Growth","AI, Gaming, Web3, SaaS, Entertainment, Fintech, HealthTech","Esports / Gaming, Web3 Platforms, SaaS Tools, Digital Health","SaaS, Gaming, Fintech, Web3",?4.15 L – ?41.5 L INR,USA,"0.40 - only one investor found, India-based","0.70 - identified as Angel, but profile is thin","0.50 - source shows FinTech focus, not Web3/Gaming",0.75 - stages seem plausible for Angel,0.50 - no public INR band found,"0.30 - source shows India location, not USA",0.53,CHECKED_MANUALLY,https://tracxn.com/d/people/akhilesh-chandra/__j9CYH3tK3YQbt2bMDcWY_F6YGTVl9e_ZKdI5oq4eseQ; No direct source found,23-10-2025,Swarnim
CSGo Hub (Crypto Serumpun Go Hub),Incubator / Accelerator,"Prototype, Early Traction, Scaling, Growth, Pre-IPO","Web3, AI, Gaming, Blockchain","GameFi, DeFi, DePin, RWA, L0/L2","Incubation, Web3 Development, Smart Contract Audit, KYC, Community Fundraising, Exchange Listings, Marketing, Community Growth",?8.3 L – ?2.49 Cr INR,South East Asia,1.00 - profile found OpenVC,1.00 - confirmed as Incubator/Accelerator,1.00 - Web3 sectors fully align,1.00 - stages align with Incubator/Accelerator,1.00 - check size ($10k-$3M) converted,1.00 - HQ South East Asia confirmed,1,VALID,https://www.openvc.app/fund/CSGo%20Hub%20%28Crypto%20Serumpun%20Go%20Hub%29,23-10-2025,Swarnim
NOW Venture Studio,Startup / Venture Studio,"Idea or Patent, Prototype","Sustainability, ClimateTech, DeepTech","ClimateTech / CleanTech, DeepTech","Venture Studio, DeepTech Product Development, Concept Validation, MVP Building, Early Customer Adoption, First Institutional Funding, Mentorship, Market Access, Corporate Partnerships, Access to Labs",?20.75 L – ?4.15 Cr INR,"Bengaluru, Karnataka",1.00 - multiple sources found,1.00 - self-identified as Venture Studio,1.00 - focus on ClimateTech/DeepTech confirmed,1.00 - pre-seed stages confirmed,0.90 - stated range $250K-$500K,1.00 - HQ Bengaluru confirmed,0.98,VALID,https://www.openvc.app/fund/NOW%20Venture%20Studio; https://www.nowventurestudio.com/model; https://www.financialexpress.com/business/express-mobility-now-announces-to-invest-upto-500000-each-in-3-4-deep-tech-and-green-start-ups-3416953; https://pitchbook.com/profiles/investor/590002-30,23-10-2025,Swarnim
Amit Gogia,Angel,"Early Traction, Scaling","Consumer, Healthcare, EdTech, SaaS","Digital Health, EdTech, Consumer SaaS, D2C, Consumer Platforms","GTM, Strategy, Sales, BD, Partnerships, Mentor, Advisor, Consultant",?8.3 L – ?20.75 L INR,India,1.00 - multiple online profiles found,1.00 - explicitly self-identified as Angel,1.00 - sectors and sub-sectors fully aligned,1.00 - targets Early Revenue/Scaling stages,0.95 - range stated as $10K-$25K USD,1.00 - HQ/focus India confirmed,0.99,VALID,https://www.openvc.app/fund/Amit%20Gogia; https://www.evalyze.ai/investors/amit-raj-gogia; https://amitrajgogia.com/,23-10-2025,Swarnim
Startup Sherpas,Incubator / Accelerator,"Prototype, Early Traction, Scaling","Consumer, D2C","Consumer, Retail Tech, Consumer Brands","Incubation, Mentoring, Market Access, GTM Strategy, Fundraising Support, Expert Interventions, Future Capital Access",?41.5 L INR,"Gurugram, Haryana",1.00 - OpenVC/TICE profiles found,1.00 - identified as Accelerator Fund,1.00 - D2C/Consumer focus confirmed,1.00 - Prototype to Scaling confirmed,0.90 - stated as INR 50L (â‚¹50L INR),"1.00 - HQ Gurugram, India confirmed",0.98,VALID,https://www.openvc.app/fund/Startup%20Sherpas; https://www.tice.news/tice-dispatch/startup-sherpas-startup-india-consumer-brands-d2c-startups; https://www.startupsherpas.in/accelerator,23-10-2025,Swarnim
Elevar Equity,Venture Capital,"Idea or Patent, Prototype, Early Traction, Scaling, Growth","Financial Inclusion, MSME Support, Low-income Communities, Healthcare, Education","Fintech for MSMEs, Social Impact, Small Business Tools, Affordable Health, Affordable Education","Early Growth Capital, Institutional Co-Founder, Strategy, Governance, Organizational Development, Product Design, Distribution, Mentorship",?16.6 Cr – ?83 Cr INR,"Bengaluru, Karnataka",1.00 - globally recognized VC firm,1.00 - clearly stated as Venture Capital,1.00 - core thesis confirmed by all sources,1.00 - invests early growth capital (Seed to Growth),0.90 - check size stated as $2M-$10M USD,1.00 - HQ Bengaluru confirmed,0.98,VALID,https://www.openvc.app/fund/Elevar%20Equity; https://elevarequity.com/about/; https://www.ivca.in/insights/blogs/fund-in-focus-sl8; https://tracxn.com/d/venture-capital/elevar-equity/__Sr55wm55AD5xQ_aekGD81fF70MG_YKPiS-bnmLGYYSI,23-10-2025,Swarnim
AngelSpark,Angel Network,"Idea or Patent, Prototype, Early Traction, Scaling","Fintech, IoT, Web3, SaaS, F&B","Developer Tools, Open Source, ISP, SaaS, Marketplace, Consumer Platforms","Angel Investment, Syndicate Lead, Mentoring, VC Connection",From ?83 L INR,"Dubai, UAE",1.00 - multiple confirmed profiles,0.90 - confirmed as Angel Network/Group,1.00 - core focus on Fintech/Web3/SaaS/F&B verified,1.00 - focuses on earliest stages (Idea to Scaling),0.80 - stated check size is $100K (â‚¹83 L INR),"1.00 - HQ Dubai, UAE confirmed",0.95,VALID,https://www.openvc.app/fund/AngelSpark; https://tracxn.com/d/angel-network/angelspark/__iHrtC_1q1Hxq7Rm7DzuohHZc_z-4goLJopwQSuUhqoc; https://nin.ae/open-innovation-calls/startup/angelspark/,23-10-2025,Swarnim
CobuildX,Startup / Venture Studio,"Idea or Patent, Prototype, Early Traction, Scaling, Growth, Pre-IPO","Software, Web3, Fintech, SaaS, Healthcare, Retail, Enterprise / B2B","Enterprise / B2B SaaS, HealthTech, Retail Tech","Venture Studio, Co-building, Product Development, Technology Services (AI, ML, LLMs, Computer Vision), Mentorship, Fundraising Support",?12.45 L – ?20.75 L INR,"Austin, Texas, USA",1.00 - multiple confirmed profiles,1.00 - confirmed as Venture Studio,"0.95 - focus verified, Web3 less prominent",1.00 - all stages supported by Venture Studio model,0.85 - check size ($15K-$25K) confirmed; low for VC,"1.00 - HQ Austin, TX confirmed",0.97,VALID,https://www.openvc.app/fund/CobuildX; https://pitchbook.com/profiles/investor/642541-96; https://cobuild.tech/,23-10-2025,Swarnim
Harriet Ventures,Private Equity / Buyout,"Early Traction, Scaling, Growth, Pre-IPO","Fintech, SaaS, AI, EdTech, PropTech, HealthTech, Gaming, BioTech, HR Tech, Startup Ecosystem","B2B SaaS, SMB Platforms, HR SaaS, FinTech Software, Social Impact","Majority Acquisition, Active Operational Management, Founder-Friendly Exit, Buyout",?4.15 Cr – ?415 Cr INR,"St. Petersburg, Florida, USA",1.00 - official site and profiles found,1.00 - explicitly stated as Private Equity,0.90 - sectors largely confirmed; very broad focus,0.95 - focus on profitable ($500K-$5M EBITDA) companies,0.95 - check size $500K-$50M USD confirmed,"1.00 - HQ St. Petersburg, FL confirmed",0.97,VALID,https://www.harrietventures.com/; https://www.openvc.app/fund/Harriet%20Ventures; https://pitchbook.com/profiles/investor/551414-17,23-10-2025,Swarnim
Travel Capitalist Ventures,Venture Capital,"Early Traction, Scaling, Growth, Pre-IPO","Travel, TravelTech, Fintech","Travel Payments, Hospitality / Real Estate, Travel Platforms","Capital, Strategic Advice, Industry Introductions, Supplier Relationships, Press & Media",?2.5 Cr – ?41.5 Cr INR,"Doha, Qatar",1.00 - multiple confirmed profiles,1.00 - confirmed as Venture Capital,1.00 - exclusively Travel/Fintech confirmed,1.00 - invests late seed to Series B,0.90 - check size $250K-$5M USD confirmed,"1.00 - HQ Doha, Qatar confirmed",0.98,VALID,https://travelcapitalist.com/about/; https://www.openvc.app/fund/Travel%20Capitalist%20Ventures; https://pitchbook.com/profiles/investor/140372-74,23-10-2025,Swarnim
XVC Tech,Venture Capital,"Scaling, Growth","Web3, Blockchain","Blockchain Infrastructure, Web3, RWA, AI, DePIN","VC Investment ($250K-$2M), Board Seats, Technical/Blockchain Support, Ecosystem Introductions, Strategic Advice",?2.075 Cr – ?16.6 Cr INR,"Dubai, UAE",1.00 - multiple official profiles found,1.00 - confirmed as Venture Capital firm,1.00 - core focus on Web3/Blockchain confirmed,1.00 - focuses on Early Revenue/Scaling/Growth,0.90 - stated check size is $250K-$2M USD,"1.00 - HQ Dubai, UAE confirmed",0.98,VALID,https://www.openvc.app/fund/XVC%20Tech; https://www.xvc.tech/our-portfolio.html; https://pitchbook.com/profiles/investor/536959-54; https://www.dlnews.com/external/xdc-networks-xvc-tech-announces-investment-in-laser-digital-carry-fund-launches-institutional-fund-infrastructure-with-libre,23-10-2025,Swarnim
SHRMLabs,Corporate Venture Capital,"Early Revenue, Scaling, Growth","HRTech, WorkplaceTech, Future of Work","HRTech, SaaS, Workplace Innovation","Venture Capital, Strategic Growth, WorkplaceTech Accelerator, Mentorship, Market Access, SHRM Network",?41.5 L – ?1.66 Cr INR,"Alexandria, Virginia, USA",1.00 - multiple official site/profiles found,1.00 - explicitly CVC arm of SHRM,1.00 - exclusive focus on HRTech/WorkplaceTech confirmed,1.00 - invests Seed to Series B (Early Revenue to Growth) with Accelerator focus,0.90 - Accelerator investment confirmed at $200K,"1.00 - HQ Alexandria, VA confirmed",0.98,VALID,https://www.shrm.org/labs/workplace-tech-accelerator; https://www.openvc.app/fund/SHRMLabs; https://pitchbook.com/profiles/investor/490816-81,23-10-2025,Swarnim
Striking Markets,Angel,"Validation, Early Traction","Fintech, Blockchain, Entertainment, Creator Economy","DeFi / Web3, Creator Tools, Entertainment, Digital Assets","Marketplace, Web3 Infrastructure, Digital Platforms",?8.3 L – ?83 L INR,"The Hague, Netherlands",0.40 - no specific profile found for this name,"0.50 - assumed Angel from context, but unverified","0.50 - core sectors (Web3, Creator Economy) are plausible Angel targets","0.75 - stages (Validation, Early Traction) align with Angel profile","0.50 - investment range is typical for a solo Angel, but unverified","0.60 - The Hague is plausible for tech/fintech, but unverified",0.54,CHECKED_MANUALLY,No direct source found,23-10-2025,Swarnim
JT Ventures,Family Office,"Early Traction, Scaling","Disruptive Innovation, Technology","DeepTech, Enterprise / B2B, Consumer Innovation","Financial Backing, Strategic Solutions, Network, Fundraising Guidance",?41.5 L – ?2.075 Cr INR,"Bangalore, Karnataka, India",1.00 - multiple verified company profiles,1.00 - officially stated as Family Office,"1.00 - core focus confirmed: SaaS, Fintech, Consumer Tech, HealthTech",1.00 - targets Seed to Series A (Early Revenue to Scaling) stages,0.95 - range stated as $50K-$250K USD,"1.00 - HQ Bangalore, Karnataka confirmed",0.99,VALID,https://www.jtventures.in/; https://www.openvc.app/fund/JT%20ventures; https://beamstart.com/@JT-Ventures,23-10-2025,Swarnim
Cisco Climate Commitment,Corporate VC,"Ideation, Validation, Early Traction, Scaling","ClimateTech, IoT, CleanTech, AgriTech, EnergyTech, Urban Tech, Carbon","AgriTech (Regenerative Agriculture), Carbon Management (MRV, Removal), Circular Economy, Renewable Energy, Urban/Cities","Impact Investment, Grant Funding, Ecosystem Connections, Strategic Advice, Visibility/Brand, Capital",?1.66 Cr – ?16.6 Cr INR,"San Jose, California, USA",1.00 - official Cisco Foundation arm,1.00 - confirmed as CVC/Impact Fund,1.00 - focus on broad ClimateTech/IoT/AgriTech confirmed,0.95 - focus on Seed to Series A (Ideation to Scaling) confirmed; Growth excluded,0.90 - check size stated as $200K-$2M USD,"1.00 - HQ San Jose, CA confirmed",0.97,VALID,https://www.openvc.app/fund/Cisco%20Climate%20Commitment; https://www.3blmedia.com/news/reintroducing-cisco-foundation-regenerative-future-fund-redefining-impact-climate-investing; https://www.csrwire.com/press_releases/824776-cisco-investing-ai-digital-innovation-indias-farming-future,23-10-2025,Swarnim
OM DAO Ventures,Venture Capital,"Validation, Early Traction, Scaling, Growth","Web3, DeFi, Gaming, Infrastructure","Blockchain Gaming, DeFi Protocols, Web3 Infrastructure","Capital, Acceleration Programs, Market Making, Exchange Listing, Strategic Advice, Network",?24.9 L – ?2.49 Cr INR,"Casper, Wyoming, USA",0.95 - verified as a new fund (OM DAO) with an experienced team,1.00 - explicitly stated as a VC fund investing in crypto,"1.00 - sectors (DeFi, Gaming, Infrastructure) fully confirmed",0.95 - invests Pre-Seed to Growth (Prototype to Growth) stages,0.90 - check size confirmed at $30K-$300K USD,0.80 - stated HQ in Wyoming (a common legal domicile for DAOs/Crypto) is plausible,0.93,VALID,https://www.openvc.app/fund/OM%20DAO%20Ventures; https://beamstart.com/@OM-DAO; https://www.binance.com/en/square/post/25632879120322,23-10-2025,Swarnim
Critical Ventures,Venture Capital,"Validation, Early Traction, Scaling, Growth","IoT, Web3, Fintech, AI, ML, DevOps, Blockchain, Cybersecurity, Medical Software, Mobility","Cybersecurity, Fintech SaaS, Industrial IoT, Cloud / DevOps, Digital Health","Funding, Hands-on Operational Expertise, Strategic Advice, Ecosystem Network",?2.075 Cr – ?24.9 Cr INR,"Coimbra, Portugal",1.00 - multiple confirmed company profiles,1.00 - explicitly stated as a VC firm,"1.00 - core focus on Deep Tech software, IoT, AI, Cybersecurity confirmed",1.00 - invests Seed to Series B (Validation to Growth) stages,0.90 - stated check size is $250K-$3M USD,"1.00 - HQ Coimbra, Portugal confirmed",0.98,VALID,https://www.openvc.app/fund/Critical%20Ventures; https://www.critical-ventures.com/; https://pitchbook.com/profiles/investor/60063-76,23-10-2025,Swarnim
Frontierspace Ventures,Venture Capital,"Early Traction, Scaling, Growth","Technology, Consumer, Enterprise / B2B","SaaS, B2B Platforms, Consumer/Enterprise Tech","Equity Capital, Strategic Support, Strategy Consulting, Investor/VC Network",?83 L – ?8.3 Cr INR,"New Delhi, India",1.00 - official site and multiple VC profiles found,1.00 - explicitly stated as a Venture Capital Firm,1.00 - focus on B2B/B2C tech and revenue-driven models confirmed,1.00 - targets Seed to Growth stages (Early Revenue to Scaling/Growth),0.90 - check size stated as $100K-$1M USD,"1.00 - HQ New Delhi, India confirmed",0.98,VALID,https://www.frontierspacevc.com/; https://www.openvc.app/fund/Frontierspace%20Ventures; https://pitchbook.com/profiles/investor/507001-06,23-10-2025,Swarnim
Sahith Aula,Angel,"Ideation, Validation, Early Traction","Fintech, Emerging Markets","Embedded Finance, Financial Inclusion, Digital Finance Platforms","Syndicate Lead (Katha), Strategic/Investment Advice, Network Access, Due Diligence",?8.3 L – ?1.66 Cr INR,"New York, USA",1.00 - multiple verified profiles under 'Sahith Aula' and 'Katha VC',1.00 - leads 'Katha' syndicate as GP/Angel investor,1.00 - exclusive focus on Fintech in Emerging Markets confirmed,"0.95 - invests Pre-Seed/Seed, fitting Ideation/Validation/Early Traction","0.85 - check size confirmed as minimum $10K, typical $100K-$125K USD","1.00 - HQ New York, USA confirmed",0.97,VALID,https://venture.angellist.com/katha/syndicate; https://gilc.club/media/943; https://www.openvc.app/fund/Katha%20VC,23-10-2025,Swarnim
I XCEL Ltd,Startup / Venture Studio,"Ideation, Validation, Early Traction, Scaling, Growth, Pre-IPO","Socio-economic Development, Consumer, Fintech, Technology","Early Cash-flow Businesses, Consumer Services, SaaS, Fintech, HealthTech","Startup Studio, Value Creation, Scale Enablement, Global Business Advisory, Operational/Compliance Advice, Human Capital",?20.75 L – ?83 L INR,"London, United Kingdom",1.00 - official site and VC profile confirmed,1.00 - self-identified as Venture Fund/Advisory & Socio-Economic Venture Fund,1.00 - core focus on Socio-economic Development and early cash-flow tech businesses confirmed,1.00 - stages (Idea to Pre-IPO) fully supported by Venture Studio thesis,0.90 - check size stated as $25K-$100K USD,"1.00 - HQ London, UK confirmed",0.98,VALID,https://ixcel.co/about-us; https://www.openvc.app/fund/I%20XCEL%20Ltd,23-10-2025,Swarnim
Telah,Angel Network,"Validation, Ideation, Early Traction, Scaling","Web3, Blockchain, Gaming, Consumer","VR / AR, Web3, Consumer Internet","Angel Network, Funding, Team Help, Strategy/Network Support",?1.245 Cr – ?2.49 Cr INR,"Paris, France",1.00 - verified investor profile found,1.00 - explicitly identified as an Angel Network,"1.00 - investment thesis (Web3, Gaming, Consumer, VR) is fully confirmed",1.00 - targets earliest stages (Idea to Scaling) confirmed,0.90 - check size stated as $150K-$300K USD,"1.00 - HQ Paris, France confirmed",0.98,VALID,https://www.openvc.app/fund/Telah; https://telah.vc/,23-10-2025,Swarnim
Aperio Partners,Venture Capital,"Early Traction, Scaling","Consumer, Fintech, HealthTech, Mobility / Logistics, SaaS, DeepTech","Logistics Tech, Consumer Internet, HealthTech / SaaS, DeepTech Platforms, Mobility","VC Investment, Network Access (HNI, Incubators), GTM Specialization, Lead Investor",?1.245 Cr – ?3.735 Cr INR,"Mumbai, Maharashtra, India",1.00 - official site and multiple VC profiles found,1.00 - explicitly stated as a VC firm,1.00 - all sectors confirmed by official thesis,1.00 - focuses on Seed to Series A (Early Revenue / Scaling) stages,0.90 - check size stated as $150K-$450K USD,"1.00 - HQ Mumbai, India confirmed",0.98,VALID,https://www.openvc.app/fund/Aperio%20Partners%20; https://www.aperio.partners/,23-10-2025,Swarnim
FundL Ventures,Venture Capital,"Ideation, Validation, Early Traction","CleanTech, ClimateTech, Renewable Energy, EV, AgriTech, Social Impact","Carbon Reduction, Energy Transition, AgriTech Solutions, Climate SaaS, Renewable Infra","Equity Capital, Strategic Consulting (Expact Subsidiary), Operational Support, Network Access (AgriTech, Automotive, Gaming Leaders)",?1.12 Cr – ?12.45 Cr INR,"Tokyo, Japan",1.00 - multiple verified profiles found,1.00 - explicitly confirmed as a VC firm,1.00 - dedicated focus on CleanTech/Social Impact confirmed,1.00 - targets Pre-Seed to Series A (Ideation to Early Revenue) confirmed,0.95 - check size stated as $135K-$1.5M USD,"1.00 - HQ Tokyo, Japan confirmed",0.99,VALID,https://www.openvc.app/fund/FundL%20Ventures; https://beamstart.com/@FUNDL-VENTURES,23-10-2025,Swarnim
10K Ventures,Family Office,"Ideation, Validation, Early Traction","Technology, Fintech, Consumer, AI / Future of Work","Enterprise / B2B SaaS, SaaS, XR / AR, Fintech","SaaS, Marketplace, Enterprise Software",?83 L – ?1.66 Cr INR,"Berlin, Germany",1.00 - multiple confirmed company profiles,1.00 - explicitly stated as Family Office,0.90 - sectors largely confirmed; broader than DeepTech,1.00 - targets earliest stages (Idea to Early Revenue) confirmed,0.90 - check size stated as $100K-$200K USD,"1.00 - HQ Berlin, Germany confirmed",0.98,VALID,https://www.openvc.app/fund/10K%20Ventures; https://www.privateequityinternational.com/institution-profiles/10k%E2%80%AFventures.html,23-10-2025,Swarnim
Accel Partners,Venture Capital,"Early Traction, Scaling","AI, Consumer, Fintech, Manufacturing, Enterprise / B2B","E-commerce, Enterprise / B2B SaaS, HealthTech, SaaS, B2B Marketplaces, Web3 / Blockchain","Equity Investment (Seed/Series A/Growth), Strategic Guidance, Network Access, Talent Acquisition, Operational Support",?8.3 Cr – ?166 Cr INR,"London, United Kingdom",1.00 - globally recognized VC firm,1.00 - explicitly named Venture Capital,"1.00 - broad, tech-centric focus confirmed by all sources",1.00 - early-stage (Seed/Series A) to Growth confirmed,0.85 - typical checks range $1M-$20M USD (â‚¹8.3 Crâ€“â‚¹166 Cr),1.00 - major European HQ in London confirmed,0.98,VALID,https://www.accel.com/; https://sifted.eu/articles/accel-vc-europe-startup-news; https://www.accel.com/noteworthies/accels-200m-series-a-in-lovable---enabling-the-last-99; https://fundcomb.com/funds/accel-partners,23-10-2025,Swarnim
American Family Ventures,Venture Capital,"Prototype, Early Traction, Scaling, Growth","Insurance, Fintech, Analytics, Proptech, Cybersecurity","Insurtech, Risk Management, Adjacent / Enabling Tech, Data Analytics, Mobility, PropTech, Home Services","Equity Investment (Seed to Series B), Carrier Network Access, Strategic Guidance, Value-Add Platform, Co-investment Syndicate",?4.15 Cr – ?83 Cr INR,"Madison, Wisconsin",1.00 - globally recognized CVC/multi-LP firm,1.00 - explicitly named Venture Capital/CVC,1.00 - core thesis (Insurtech & Adjacent/Enabling Tech) confirmed,1.00 - invests Pre-Seed/Seed/Series A/B (Prototype to Growth) confirmed,0.95 - check size stated as $500K-$10M USD,"1.00 - HQ Madison, WI confirmed",0.99,VALID,https://www.amfamventures.com/; https://www.openvc.app/fund/American%20Family%20Ventures; https://foundersuite.com/firms/american-family-ventures,23-10-2025,Swarnim
Amicus Capital Partners,Private Equity / Growth,"Growth, Scaling","Financial Services, Consumer, Healthcare, Technology, Specialty Manufacturing","Insurtech / Fintech, Diagnostics / Healthcare Services, Manufacturing, Consumer / FMCG, Payments & Identity, Home Appliances","Scaling Proven Business Models, Digitalization, Market Access, Operational & Governance Improvements, M&A/IPO Support, ESG Integration, Talent/Team Building",?83 Cr – ?290.5 Cr INR,"Bangalore, Karnataka, India",1.00 - numerous confirmed institutional profiles,1.00 - explicitly identified as a Private Equity / Growth fund,1.00 - five core focus sectors fully confirmed,"1.00 - invests in proven models, targets Series B/C (Scaling/Growth) confirmed",0.90 - stated cheque size is $10M-$35M USD (Fund II initial $12M-$30M),"1.00 - HQ Bangalore, Karnataka confirmed",0.98,VALID,https://www.amicuscapital.in/; https://inc42.com/buzz/amicus-capital-marks-close-of-second-fund-at-214-mn; https://www.eib.org/en/products/equity/funds/amicus-capital-partners-ii,23-10-2025,Swarnim
Amicus Capital Partners,Private Equity / Growth,"Growth, Scaling","Financial Services, Consumer, Healthcare, Technology, Specialty Manufacturing","Insurtech / Fintech, Diagnostics / Healthcare Services, Manufacturing, Consumer / FMCG, Payments & Identity, Home Appliances","Scaling Proven Business Models, Digitalization, Market Access, Operational & Governance Improvements, M&A/IPO Support, ESG Integration, Talent/Team Building",?83 Cr – ?290.5 Cr INR,"Bangalore, Karnataka, India",1.00 - numerous confirmed institutional profiles,1.00 - explicitly identified as a Private Equity / Growth fund,1.00 - five core focus sectors fully confirmed,"1.00 - invests in proven models, targets Series B/C (Scaling/Growth) confirmed",0.90 - stated cheque size is $10M-$35M USD (Fund II initial $12M-$30M),"1.00 - HQ Bangalore, Karnataka confirmed",0.98,VALID,https://www.amicuscapital.in/; https://inc42.com/buzz/amicus-capital-marks-close-of-second-fund-at-214-mn; https://www.eib.org/en/products/equity/funds/amicus-capital-partners-ii,23-10-2025,Swarnim
Ankur Capital,Venture Capital,"Early Traction, Scaling","Agritech, DeepTech, ClimateTech, Healthcare, Education, Financial Services, Digital Technology","Synthetic Biology, AI / ML, ClimateTech / CleanTech, HealthTech, FoodTech, AgriTech, Financial Inclusion","Digital Tech-led Businesses, Deep Science / IP Innovation, ClimateTech / CleanTech, Inclusive Growth, B2B / B2C Models, Hands-on Support (AnkurGro), Strategic Guidance, Network Access",?4.15 Cr – ?41.5 Cr INR,"Mumbai, Maharashtra, India",1.00 - multiple confirmed official funds and profiles,1.00 - consistently identified as an early-stage VC fund,1.00 - core focus on Digital Tech and Deep Science/Impact themes confirmed,1.00 - targets Seed/Early Stage (Early Traction to Scaling) confirmed,0.90 - check size typically $500K-$5M USD,"1.00 - HQ Mumbai, India confirmed",0.98,VALID,[https://www.ankurcapital.com/](https://www.ankurcapital.com/); [https://www.indianvcs.com/investor/ankur-capital](https://www.indianvcs.com/investor/ankur-capital); [https://yourstory.com/2022/07/ankur-capital-prepares-launch-usd-150-m-third-fund-tech-startups](https://yourstory.com/2022/07/ankur-capital-prepares-launch-usd-150-m-third-fund-tech-startups),23-10-2025,Swarnim
Indus Equity Partners,Private Equity / Growth,"Scaling, Growth, Pre-IPO",Sector-agnostic,"HealthTech, Fintech, Specialty Manufacturing, Technology & Business Services, Consumer","Capital, Strategic Consulting, Financial Engineering, Team Building, Business Development, Corporate Governance, M&A/Exit Support",?415 Cr – ?830 Cr INR,"Gurgaon, Haryana, India",1.00 - multiple official profiles found,1.00 - explicitly identified as a Private Equity fund manager,"0.90 - self-identified as Sector-agnostic, with strong focus on HealthTech/FinTech/Tech",1.00 - targets Mid-Sized companies at Series B/C (Scaling to Pre-IPO),"0.90 - check size stated as $50M-$100M USD, or sometimes $500K-$50M","1.00 - HQ Gurgaon, Haryana confirmed",0.98,VALID,https://www.openvc.app/fund/Indus%20Equity%20Partners; https://www.indusequitypartners.com/about-us/,23-10-2025,Swarnim
Neil Mehta,Angel,"Early Revenue, Scaling","Tech4Good, Mobile Apps, SaaS Innovation","Tech for Communities, SaaS","Angel Investment, Philanthropic/Impact Focus, Strategic Support, Network Access",?41.5 L – ?3.32 Cr INR,"London, UK",1.00 - multiple unique profiles found,1.00 - explicitly claims 'Solo angel' investor role,"1.00 - explicit 'Tech4Good, mobile apps, SaaS innovation' focus confirmed",1.00 - targets Early Revenue and Scaling stages,0.90 - check size stated as $50K-$400K USD,"1.00 - HQ London, UK confirmed",0.98,VALID,https://www.openvc.app/fund/Neil%20Mehta; https://find-and-update.company-information.service.gov.uk/officers/JGzRWDRsJeYGUwSZ3YnP4Mgw6Bs/appointments; https://www.youtube.com/watch?v=502sB_IbjpQ,23-10-2025,Swarnim
ISX8 Ventures,Angel Network,"Early Revenue, Scaling","Enterprise / B2B, AdTech, MarTech, AI, Developer Tools, Productivity","SaaS, Marketing Tech, AI / ML, Enterprise Platforms, Developer Tools","Angel Investment, Strategic Support (PMF/Pricing/Revenue/M&A), Network Introduction, Co-investing",?41.5 L – ?83 L INR,"San Mateo, California, USA",1.00 - OpenVC and VCA profiles found,1.00 - clearly self-identifies as an Angel Network,1.00 - focus sectors fully confirmed,"1.00 - targets Early Revenue, Scaling, and Growth stages",0.90 - check size stated as $50K-$100K USD,"1.00 - HQ San Mateo, CA confirmed",0.98,VALID,https://www.openvc.app/fund/ISX8%20Ventures; https://venturecapitalarchive.com/venture-funds/isx8-ventures-isx8-com,23-10-2025,Swarnim
Sandstorm.vc,Angel Network,"Validation, Early Traction, Ideation","SaaS, Fintech, HealthTech, Industry 4.0","Enterprise / B2B SaaS, MedTech, Industrial Automation","Syndicate Investment, Low Admin/Speedy Decisions, Strategic Network/Market Access (MENA/EU/AUS)",?41.5 L – ?4.15 Cr INR,"Dubai, UAE",1.00 - official site and syndicate listings confirm existence,1.00 - explicitly defines itself as a 'private angel investing syndicate',"1.00 - all focus sectors (SaaS, Fintech, HealthTech, Industry 4.0) confirmed","1.00 - targets earliest stages (First ticket to Series A, Ideation to Early Traction) confirmed","0.95 - stated check size $50K-$500K USD, sweetspot $100K-$200K","1.00 - HQ Dubai, UAE confirmed",0.99,VALID,https://sandstorm.vc/; https://www.openvc.app/fund/sandstorm.vc; https://pitchbook.com/profiles/investor/1080794-80,23-10-2025,Swarnim
Colopl Next,Corporate VC,"Early Traction, Scaling, Growth, Pre-IPO","Entertainment, Gaming, Consumer","Mobile Games, AR / VR, Creator Economy, AI, Lifestyle, Health","Equity Investment (Seed to Growth), Hands-on Support, Network Access (200+ Portfolio, Advisors), VR/AR Focus",?83 L – ?415 Cr INR,"Tokyo, Japan",1.00 - numerous confirmed institutional profiles,1.00 - official VC arm of Colopl Inc. (CVC),"1.00 - core thesis (Entertainment, VR/AR, Gaming, B2C) confirmed",1.00 - targets Seed to Series C+ (Early Traction to Pre-IPO) confirmed,0.90 - check size typically $100K-$5M USD,"1.00 - HQ Tokyo, Japan confirmed",0.98,VALID,https://hub.waveup.com/funds/colopl-next; https://www.coloplnext.co.jp/; https://unicorn-nest.com/funds/colopl-next,23-10-2025,Swarnim
Okya Ventures,Angel Network,Early Traction,"AI, DeepTech, Enterprise / B2B, Fintech","Machine Learning, SaaS Platforms, Enterprise / B2B Tools","Syndicate Investment, Product Market Fit (PMF) Mentorship, Network Access (Founders/Executives)",?66.4 L – ?1.66 Cr INR,Singapore,1.00 - AngelList/OpenVC profiles found,1.00 - clearly stated as AngelList Syndicate / Angel Network,"1.00 - core focus (AI/ML, Deep Tech, Enterprise SaaS) fully confirmed",1.00 - targets Pre-seed/Seed (Early Revenue/Traction) confirmed,"0.95 - typical check $80K-$200K USD, min LP check $1K",1.00 - HQ Singapore confirmed,0.99,VALID,https://venture.angellist.com/katha/syndicate; https://www.openvc.app/fund/Okya%20Ventures,23-10-2025,Swarnim
Rukam Capital,Venture Capital,"Prototype, Early Traction, Scaling","Consumer, D2C, Purpose-led / Social Impact","Consumer / D2C (Food, Wellness, BPC), Brand Tech, AI / Deep Tech (Sitara Fund)","VC Investment (Seed to Series A), Strategic Support, Team Building, GTM Strategy, Distribution/Market Access, Founder Mentorship",?41.5 L – ?8.3 Cr INR,India,1.00 - multiple confirmed funds and profiles,1.00 - consistently identified as an early-stage VC fund,1.00 - focus on D2C/Consumer and Tech (AI/SaaS) confirmed,1.00 - targets Seed to Series A (Prototype to Scaling) confirmed,0.90 - check size stated as $50K-$1M USD,"1.00 - HQ India (New Delhi, operating across India) confirmed",0.98,VALID,https://www.openvc.app/fund/Rukam%20Capital; https://rukamcapital.com/; https://rukamcapital.com/pitch-to-us/,23-10-2025,Swarnim
Spiral Ventures,Venture Capital,"Prototype, Early Traction, Scaling","Technology, E-commerce, Fintech, HealthTech, Supply Chain, Manufacturing, Consumer","Marketplace, SaaS / Enterprise, Fintech, IoT, Mobility / Logistics, B2B, HealthTech","VC Investment (Seed to Series A), Strategic Support, Japanese Corporate Partnerships, Market Access / Collaboration, Scale Enablement",?83 L – ?41.5 Cr INR,Singapore,1.00 - numerous confirmed institutional profiles,1.00 - officially identified as a VC fund,1.00 - sector-agnostic early-stage tech focus confirmed,1.00 - targets Pre-Seed to Series A (Prototype to Scaling) confirmed,0.85 - initial check $100K-$1M (with later stage range up to $5M),1.00 - HQ Singapore confirmed,0.98,VALID,https://spiral-ventures.com/asia/about/?lang=en; https://www.openvc.app/fund/Spiral%20Ventures; https://venturecapitalarchive.com/venture-funds/spiral-ventures-spiral-ventures-com,23-10-2025,Swarnim
Chirag Sheth,Angel,"Early Revenue, Scaling",Sector-agnostic,"Retail, Consumer Platforms, Marketplace","Solo Investment, Network Access, Technical/Real Estate Expertise",?41.5 L – ?8.3 Cr INR,"Charlotte, North Carolina, USA",1.00 - multiple confirmed professional profiles and angel syndicate listings,1.00 - identifies as a Solo Angel investor,0.85 - openly 'Sector Agnostic' but noted focus on Retail/Consumer in a past deal and tech in his investment firm,0.90 - clearly targets Revenue generating ($5M+ ARR) and Scaling stages,"0.90 - check size stated as $5K-$1M USD, max cap $1M","1.00 - HQ Charlotte, NC confirmed",0.94,VALID,https://www.openvc.app/fund/Chirag%20Sheth; https://tracxn.com/d/people/chirag-sheth/__XTZ-reDCylvsF45h3IR7AbQMJDCZrY8O3W8zCMXoeDE,23-10-2025,Swarnim
Techne Infiniti Ventures,Startup / Venture Studio,"Idea or Patent, Prototype, Early Traction","Hospitality Tech, Travel, Food & Beverage, Wellness, Recreation","AI / ML, IoT, Wellness, Travel, FoodTech, SaaS / Cloud Platforms, Hospitality Ops Tech, Marketplace, IoT / Hardware","Venture Studio (Co-building), Accelerator (Scaler Program), Direct Investment, GTM Strategy, Product Refinement, Corporate/Operator Access, Mentorship, Global Investor Network, AI/Deep Tech Expertise",?41.5 L – ?8.3 Cr INR,"Cupertino, California, USA",1.00 - multiple confirmed official profiles,1.00 - confirmed as a hybrid VC/Venture Studio/Accelerator,1.00 - exclusive focus on Hospitality/Travel/F&B Tech confirmed,1.00 - targets Pre-Seed to Seed (Idea to Early Revenue) stages confirmed,0.90 - check size ranges from $50K (Scaler) to $1M (VC/Studio),"1.00 - HQ Cupertino, CA confirmed",0.98,VALID,https://www.openvc.app/fund/Techne%20Infiniti%20Ventures; https://techne.vc/; https://www.hospitalitynet.org/organization/17023465.html,23-10-2025,Swarnim
Hummingbird Capital Partners,Private Equity / Growth,"Early Traction, Scaling, Growth, Pre-IPO","Fintech, Blockchain, Consumer","DeFi / Web3, Digital Finance Platforms, Consumer / Blockchain Integration","VC/PE Investment, PIPE, Cross-Border Advisory, Strategic Partnerships, Portfolio Execution",?41.5 L – ?4.15 Cr INR,"Zurich, Switzerland",1.00 - multiple confirmed official profiles,1.00 - explicitly defines itself as PE/VC/PIPE investor,1.00 - thesis focused on Financials (Fintech) and Blockchain confirmed,"0.80 - targets Early Growth (Scaling, Growth, Pre-IPO), but also invests early",0.70 - implied check size based on OpenVC's $500K to $50M for related fund,"1.00 - HQ Zurich, Switzerland confirmed",0.92,VALID,https://hcpartners-group.com/; https://www.openvc.app/fund/Hummingbird%20Capital%20Partners,23-10-2025,Swarnim
Chandigarh Angels Network,Angel Network,"Idea or Patent, Prototype, Early Traction",Sector-agnostic,"SaaS, Enterprise / B2B, DeepTech, Consumer, FoodTech, AgriTech, Fintech, HealthTech, EdTech","Angel Investment, Bespoke Mentoring, Business Model Validation, Handholding, Network Access, Board Observer/Advisory Shares",?10 L – ?3.32 Cr INR,"Chandigarh, Punjab, India",1.00 - multiple confirmed official profiles,1.00 - explicitly identified as an Angel Network,"0.90 - self-identified as Sector-agnostic, with a confirmed portfolio across diverse tech sectors",1.00 - targets Idea to Seed/Growth stages confirmed,"0.85 - range stated as $100K-$400K USD, with a wide INR range from other sources (â‚¹10Lâ€“â‚¹2Cr)","1.00 - HQ Chandigarh, India confirmed",0.98,VALID,https://www.openvc.app/fund/Chandigarh%20Angel%20Network; https://chandigarhangelsnetwork.com/; https://www.ynos.in/venture-capital/chandigarh-angels-network-000517,23-10-2025,Swarnim
Sector 7 Venture Studio,Startup / Venture Studio,"Idea or Patent, Prototype, Early Traction, Scaling, Growth, Pre-IPO","Fintech, DeepTech, Consumer","AI / ML, Brand / Marketing, Technology, Consumer Internet, Product Design","Venture Studio (0 to 1, 10 to 100), Hands-on Execution (Brand/Design/Tech/Data), Mentorship, Investor Access",?4.15 L – ?1.25 Cr INR,"Mumbai, Maharashtra",1.00 - multiple confirmed official profiles,1.00 - explicitly identified as a Venture Studio,"1.00 - sectors (Fintech, DeepTech, D2C/Consumer Tech) confirmed",1.00 - actively targets all stages (Idea to Pre-IPO) inherent to its model,0.90 - check size stated as $5K-$150K USD,"1.00 - HQ Mumbai, Maharashtra confirmed",0.98,VALID,https://www.openvc.app/fund/Sector%207; https://venturestudio.sector7hq.co/,23-10-2025,Swarnim
Arali Ventures,Venture Capital,"Idea or Patent, Prototype, Early Revenue","Enterprise / B2B, Robotics, Fintech, HealthTech","SaaS, B2B Marketplaces, Robotics, Digital Risk Intelligence, AI / ML","B2B / Enterprise Software, Prototype to Product Development, Go-to-Market for Enterprise / SME, Deep / Frontier Tech, Hands-on Partnership, Scale Enablement",?41.5 L – ?8.3 Cr INR,"Bangalore, Karnataka, India",1.00 - multiple official profiles found,1.00 - officially self-described as a VC firm,"1.00 - primary focus on B2B Tech, SaaS, Robotics, Fintech confirmed","1.00 - explicitly targets Pre-Seed/Seed, often pre-revenue (Idea to Early Revenue) confirmed","0.90 - initial check stated as $500K-$1M USD, sometimes lower ($300K) or higher","1.00 - HQ Bangalore, India confirmed",0.98,VALID,https://araliventures.in/; https://www.openvc.app/fund/Arali%20Ventures; https://www.planify.in/organisations/arali-ventures/,23-10-2025,Swarnim
Antler,Venture Capital,"Validation, Ideation, Early Traction","AI, Fintech, HealthTech, Consumer, DeepTech, ClimateTech","Verticalized AI, Enterprise / B2B SaaS, Preventive Health, CleanTech, Digital Consumer Platforms","Pre-seed / Day Zero Support, Ideation, Team Building, Co-founder Matchmaking, Initial Capital & Follow-on Funding (Elevate Fund), Mentorship / Ecosystem, Global Network & Residency",?8.3 L – ?4.15 Cr INR,Singapore,1.00 - globally recognized VC/Incubator,1.00 - confirmed as VC with a unique early-stage model,"1.00 - core focus on AI, Fintech, Health, Climate confirmed",1.00 - explicitly targets Day Zero / Pre-seed to Seed (Ideation to Early Traction),0.90 - initial check $100K-$190K (max $500K in some regions); using broader range,1.00 - HQ Singapore confirmed,0.98,VALID,https://www.antler.co/about; https://www.openvc.app/fund/Antler; https://pitchbob.io/library/accelerators/how-to-stand-out-in-antler-program-real-advice-from-funded-founders-pitchbob-io; https://inc42.com/buzz/antler-expands-india-portfolio-backs-30-startups-in-2024,23-10-2025,Swarnim
Anthill Ventures,Venture Capital,"Early Traction, Scaling, Growth","HealthTech, ClimateTech, Urban Tech, Media / Lifestyle, Consumer","Digital Therapeutics, Genomics, Clean Mobility, Smart Cities, Consumer / D2C, Media / Lifestyle, Creator Economy","Speed-Scaling, Market Access & Distribution, Brand & Marketing Support, Go-to-Market Strategy, Product / Business Model Refinement, Mentorship & Ecosystem",?41.5 L – ?8.3 Cr INR,Singapore,1.00 - numerous confirmed official profiles,1.00 - consistently identified as a VC fund and speed-scaling ecosystem,"1.00 - three core verticals (Health, Climate, Urban Lifestyle) fully confirmed",1.00 - targets Seed to Series A/B (Early Traction to Growth) confirmed,0.85 - check size generally $500K-$1M (max $6M in some sources),1.00 - HQ Singapore (with major operations in India) confirmed,0.98,VALID,https://anthillventures.com/; https://www.openvc.app/fund/Anthill%20Ventures; https://www.indianvcs.com/investor/anthill-ventures; https://yourstory.com/2021/05/investment-platform-anthill-ventures-community-scalable-startups,23-10-2025,Swarnim
